2026-06-30 16:20:24,892 - __main__ - INFO - Next run will occur in 1 hour due to updated schedule.
2026-06-30 18:52:33,946 - __main__ - INFO - Token value: 1234
2026-06-30 18:52:34,518 - __main__ - WARNING - API rate limit exceeded (status code: 429). This is temporary and will reset automatically.
2026-06-30 18:52:34,520 - __main__ - WARNING - Error message: Too many requests from your IP address. We limit our service to 50 unique lookups per hour. Please wait 1 hour before making another request for your access to reset.
2026-06-30 18:52:34,520 - __main__ - INFO - Next run will occur in 1 hour due to updated schedule.
2026-06-30 20:54:07,898 - __main__ - INFO - Token value: 1234
2026-06-30 20:54:08,126 - __main__ - WARNING - API rate limit exceeded (status code: 429). This is temporary and will reset automatically.
2026-06-30 20:54:08,128 - __main__ - WARNING - Error message: Too many requests from your IP address. We limit our service to 50 unique lookups per hour. Please wait 1 hour before making another request for your access to reset.
2026-06-30 20:54:08,128 - __main__ - INFO - Next run will occur in 1 hour due to updated schedule.
2026-06-30 22:12:27,536 - __main__ - INFO - Token value: 1234
2026-06-30 22:12:28,140 - __main__ - WARNING - API rate limit exceeded (status code: 429). This is temporary and will reset automatically.
2026-06-30 22:12:28,142 - __main__ - WARNING - Error message: Too many requests from your IP address. We limit our service to 50 unique lookups per hour. Please wait 1 hour before making another request for your access to reset.
2026-06-30 22:12:28,142 - __main__ - INFO - Next run will occur in 1 hour due to updated schedule.
2026-07-01 00:02:15,256 - __main__ - INFO - Token value: 1234
2026-07-01 00:02:15,443 - __main__ - WARNING - API rate limit exceeded (status code: 429). This is temporary and will reset automatically.
2026-07-01 00:02:15,445 - __main__ - WARNING - Error message: Too many requests from your IP address. We limit our service to 50 unique lookups per hour. Please wait 1 hour before making another request for your access to reset.
2026-07-01 00:02:15,445 - __main__ - INFO - Next run will occur in 1 hour due to updated schedule.
2026-07-01 05:18:01,011 - __main__ - INFO - Token value: 1234
2026-07-01 05:18:01,588 - __main__ - WARNING - API rate limit exceeded (status code: 429). This is temporary and will reset automatically.
2026-07-01 05:18:01,590 - __main__ - WARNING - Error message: Too many requests from your IP address. We limit our service to 50 unique lookups per hour. Please wait 1 hour before making another request for your access to reset.
2026-07-01 05:18:01,590 - __main__ - INFO - Next run will occur in 1 hour due to updated schedule.
2026-07-01 09:35:58,214 - __main__ - INFO - Token value: 1234
2026-07-01 09:35:58,525 - __main__ - WARNING - API rate limit exceeded (status code: 429). This is temporary and will reset automatically.
2026-07-01 09:35:58,527 - __main__ - WARNING - Error message: Too many requests from your IP address. We limit our service to 50 unique lookups per hour. Please wait 1 hour before making another request for your access to reset.
2026-07-01 09:35:58,527 - __main__ - INFO - Next run will occur in 1 hour due to updated schedule.
2026-07-01 12:29:48,403 - __main__ - INFO - Token value: 1234
2026-07-01 12:29:48,791 - __main__ - WARNING - API rate limit exceeded (status code: 429). This is temporary and will reset automatically.
2026-07-01 12:29:48,793 - __main__ - WARNING - Error message: Too many requests from your IP address. We limit our service to 50 unique lookups per hour. Please wait 1 hour before making another request for your access to reset.
2026-07-01 12:29:48,793 - __main__ - INFO - Next run will occur in 1 hour due to updated schedule.
2026-07-01 15:37:01,782 - __main__ - INFO - Token value: 1234
2026-07-01 15:37:02,295 - __main__ - WARNING - API rate limit exceeded (status code: 429). This is temporary and will reset automatically.
2026-07-01 15:37:02,296 - __main__ - WARNING - Error message: Too many requests from your IP address. We limit our service to 50 unique lookups per hour. Please wait 1 hour before making another request for your access to reset.
2026-07-01 15:37:02,296 - __main__ - INFO - Next run will occur in 1 hour due to updated schedule.
2026-07-01 17:49:37,152 - __main__ - INFO - Token value: 1234
2026-07-01 17:49:37,722 - __main__ - WARNING - API rate limit exceeded (status code: 429). This is temporary and will reset automatically.
2026-07-01 17:49:37,724 - __main__ - WARNING - Error message: Too many requests from your IP address. We limit our service to 50 unique lookups per hour. Please wait 1 hour before making another request for your access to reset.
2026-07-01 17:49:37,724 - __main__ - INFO - Next run will occur in 1 hour due to updated schedule.
2026-07-01 19:44:59,783 - __main__ - INFO - Token value: 1234
2026-07-01 19:44:59,855 - __main__ - WARNING - API rate limit exceeded (status code: 429). This is temporary and will reset automatically.
2026-07-01 19:44:59,857 - __main__ - WARNING - Error message: Too many requests from your IP address. We limit our service to 50 unique lookups per hour. Please wait 1 hour before making another request for your access to reset.
2026-07-01 19:44:59,857 - __main__ - INFO - Next run will occur in 1 hour due to updated schedule.
2026-07-01 21:22:07,708 - __main__ - INFO - Token value: 1234
2026-07-01 21:22:08,271 - __main__ - WARNING - API rate limit exceeded (status code: 429). This is temporary and will reset automatically.
2026-07-01 21:22:08,272 - __main__ - WARNING - Error message: Too many requests from your IP address. We limit our service to 50 unique lookups per hour. Please wait 1 hour before making another request for your access to reset.
2026-07-01 21:22:08,272 - __main__ - INFO - Next run will occur in 1 hour due to updated schedule.
2026-07-01 23:07:31,441 - __main__ - INFO - Token value: 1234
2026-07-01 23:07:31,566 - __main__ - WARNING - API rate limit exceeded (status code: 429). This is temporary and will reset automatically.
2026-07-01 23:07:31,567 - __main__ - WARNING - Error message: Too many requests from your IP address. We limit our service to 50 unique lookups per hour. Please wait 1 hour before making another request for your access to reset.
2026-07-01 23:07:31,567 - __main__ - INFO - Next run will occur in 1 hour due to updated schedule.
2026-07-02 02:43:16,810 - __main__ - INFO - Token value: 1234
2026-07-02 02:43:16,994 - __main__ - WARNING - API rate limit exceeded (status code: 429). This is temporary and will reset automatically.
2026-07-02 02:43:16,996 - __main__ - WARNING - Error message: Too many requests from your IP address. We limit our service to 50 unique lookups per hour. Please wait 1 hour before making another request for your access to reset.
2026-07-02 02:43:16,996 - __main__ - INFO - Next run will occur in 1 hour due to updated schedule.
2026-07-02 06:35:22,364 - __main__ - INFO - Token value: 1234
2026-07-02 06:35:23,418 - __main__ - WARNING - API rate limit exceeded (status code: 429). This is temporary and will reset automatically.
2026-07-02 06:35:23,420 - __main__ - WARNING - Error message: Too many requests from your IP address. We limit our service to 50 unique lookups per hour. Please wait 1 hour before making another request for your access to reset.
2026-07-02 06:35:23,420 - __main__ - INFO - Next run will occur in 1 hour due to updated schedule.
2026-07-02 09:56:26,705 - __main__ - INFO - Token value: 1234
2026-07-02 09:56:27,016 - __main__ - WARNING - API rate limit exceeded (status code: 429). This is temporary and will reset automatically.
2026-07-02 09:56:27,018 - __main__ - WARNING - Error message: Too many requests from your IP address. We limit our service to 50 unique lookups per hour. Please wait 1 hour before making another request for your access to reset.
2026-07-02 09:56:27,018 - __main__ - INFO - Next run will occur in 1 hour due to updated schedule.
2026-07-02 12:07:06,404 - __main__ - INFO - Token value: 1234
2026-07-02 12:07:06,914 - __main__ - WARNING - API rate limit exceeded (status code: 429). This is temporary and will reset automatically.
2026-07-02 12:07:06,916 - __main__ - WARNING - Error message: Too many requests from your IP address. We limit our service to 50 unique lookups per hour. Please wait 1 hour before making another request for your access to reset.
2026-07-02 12:07:06,917 - __main__ - INFO - Next run will occur in 1 hour due to updated schedule.
2026-07-02 15:09:33,563 - __main__ - INFO - Token value: 1234
2026-07-02 15:09:33,881 - __main__ - WARNING - API rate limit exceeded (status code: 429). This is temporary and will reset automatically.
2026-07-02 15:09:33,883 - __main__ - WARNING - Error message: Too many requests from your IP address. We limit our service to 50 unique lookups per hour. Please wait 1 hour before making another request for your access to reset.
2026-07-02 15:09:33,883 - __main__ - INFO - Next run will occur in 1 hour due to updated schedule.
2026-07-02 17:40:14,578 - __main__ - INFO - Token value: 1234
2026-07-02 17:40:14,649 - __main__ - WARNING - API rate limit exceeded (status code: 429). This is temporary and will reset automatically.
2026-07-02 17:40:14,651 - __main__ - WARNING - Error message: Too many requests from your IP address. We limit our service to 50 unique lookups per hour. Please wait 1 hour before making another request for your access to reset.
2026-07-02 17:40:14,651 - __main__ - INFO - Next run will occur in 1 hour due to updated schedule.
2026-07-02 19:15:42,960 - __main__ - INFO - Token value: 1234
2026-07-02 19:15:43,901 - __main__ - WARNING - API rate limit exceeded (status code: 429). This is temporary and will reset automatically.
2026-07-02 19:15:43,904 - __main__ - WARNING - Error message: Too many requests from your IP address. We limit our service to 50 unique lookups per hour. Please wait 1 hour before making another request for your access to reset.
2026-07-02 19:15:43,904 - __main__ - INFO - Next run will occur in 1 hour due to updated schedule.
2026-07-02 20:57:56,041 - __main__ - INFO - Token value: 1234
2026-07-02 20:57:56,399 - __main__ - WARNING - API rate limit exceeded (status code: 429). This is temporary and will reset automatically.
2026-07-02 20:57:56,401 - __main__ - WARNING - Error message: Too many requests from your IP address. We limit our service to 50 unique lookups per hour. Please wait 1 hour before making another request for your access to reset.
2026-07-02 20:57:56,401 - __main__ - INFO - Next run will occur in 1 hour due to updated schedule.
2026-07-02 22:07:57,690 - __main__ - INFO - Token value: 1234
2026-07-02 22:07:58,373 - __main__ - WARNING - API rate limit exceeded (status code: 429). This is temporary and will reset automatically.
2026-07-02 22:07:58,375 - __main__ - WARNING - Error message: Too many requests from your IP address. We limit our service to 50 unique lookups per hour. Please wait 1 hour before making another request for your access to reset.
2026-07-02 22:07:58,375 - __main__ - INFO - Next run will occur in 1 hour due to updated schedule.
2026-07-02 23:59:52,392 - __main__ - INFO - Token value: 1234
2026-07-02 23:59:52,508 - __main__ - WARNING - API rate limit exceeded (status code: 429). This is temporary and will reset automatically.
2026-07-02 23:59:52,509 - __main__ - WARNING - Error message: Too many requests from your IP address. We limit our service to 50 unique lookups per hour. Please wait 1 hour before making another request for your access to reset.
2026-07-02 23:59:52,510 - __main__ - INFO - Next run will occur in 1 hour due to updated schedule.
2026-07-03 03:54:52,588 - __main__ - INFO - Token value: 1234
2026-07-03 03:54:53,014 - __main__ - WARNING - API rate limit exceeded (status code: 429). This is temporary and will reset automatically.
2026-07-03 03:54:53,016 - __main__ - WARNING - Error message: Too many requests from your IP address. We limit our service to 50 unique lookups per hour. Please wait 1 hour before making another request for your access to reset.
2026-07-03 03:54:53,016 - __main__ - INFO - Next run will occur in 1 hour due to updated schedule.
2026-07-03 06:57:10,970 - __main__ - INFO - Token value: 1234
2026-07-03 06:57:11,693 - __main__ - WARNING - API rate limit exceeded (status code: 429). This is temporary and will reset automatically.
2026-07-03 06:57:11,695 - __main__ - WARNING - Error message: Too many requests from your IP address. We limit our service to 50 unique lookups per hour. Please wait 1 hour before making another request for your access to reset.
2026-07-03 06:57:11,695 - __main__ - INFO - Next run will occur in 1 hour due to updated schedule.
2026-07-03 09:57:42,046 - __main__ - INFO - Token value: 1234
2026-07-03 09:57:42,279 - __main__ - WARNING - API rate limit exceeded (status code: 429). This is temporary and will reset automatically.
2026-07-03 09:57:42,281 - __main__ - WARNING - Error message: Too many requests from your IP address. We limit our service to 50 unique lookups per hour. Please wait 1 hour before making another request for your access to reset.
2026-07-03 09:57:42,281 - __main__ - INFO - Next run will occur in 1 hour due to updated schedule.
2026-07-03 12:09:12,843 - __main__ - INFO - Token value: 1234
2026-07-03 12:09:13,506 - __main__ - WARNING - API rate limit exceeded (status code: 429). This is temporary and will reset automatically.
2026-07-03 12:09:13,508 - __main__ - WARNING - Error message: Too many requests from your IP address. We limit our service to 50 unique lookups per hour. Please wait 1 hour before making another request for your access to reset.
2026-07-03 12:09:13,508 - __main__ - INFO - Next run will occur in 1 hour due to updated schedule.
2026-07-03 15:05:01,975 - __main__ - INFO - Token value: 1234
2026-07-03 15:05:02,644 - __main__ - WARNING - API rate limit exceeded (status code: 429). This is temporary and will reset automatically.
2026-07-03 15:05:02,646 - __main__ - WARNING - Error message: Too many requests from your IP address. We limit our service to 50 unique lookups per hour. Please wait 1 hour before making another request for your access to reset.
2026-07-03 15:05:02,646 - __main__ - INFO - Next run will occur in 1 hour due to updated schedule.
2026-07-03 17:18:29,261 - __main__ - INFO - Token value: 1234
2026-07-03 17:18:29,450 - __main__ - WARNING - API rate limit exceeded (status code: 429). This is temporary and will reset automatically.
2026-07-03 17:18:29,452 - __main__ - WARNING - Error message: Too many requests from your IP address. We limit our service to 50 unique lookups per hour. Please wait 1 hour before making another request for your access to reset.
2026-07-03 17:18:29,452 - __main__ - INFO - Next run will occur in 1 hour due to updated schedule.
2026-07-03 19:09:59,351 - __main__ - INFO - Token value: 1234
2026-07-03 19:09:59,453 - __main__ - WARNING - API rate limit exceeded (status code: 429). This is temporary and will reset automatically.
2026-07-03 19:09:59,454 - __main__ - WARNING - Error message: Too many requests from your IP address. We limit our service to 50 unique lookups per hour. Please wait 1 hour before making another request for your access to reset.
2026-07-03 19:09:59,454 - __main__ - INFO - Next run will occur in 1 hour due to updated schedule.
2026-07-03 20:57:31,666 - __main__ - INFO - Token value: 1234
2026-07-03 20:57:31,861 - __main__ - WARNING - API rate limit exceeded (status code: 429). This is temporary and will reset automatically.
2026-07-03 20:57:31,863 - __main__ - WARNING - Error message: Too many requests from your IP address. We limit our service to 50 unique lookups per hour. Please wait 1 hour before making another request for your access to reset.
2026-07-03 20:57:31,863 - __main__ - INFO - Next run will occur in 1 hour due to updated schedule.
2026-07-03 22:04:30,613 - __main__ - INFO - Token value: 1234
2026-07-03 22:04:30,807 - __main__ - WARNING - API rate limit exceeded (status code: 429). This is temporary and will reset automatically.
2026-07-03 22:04:30,808 - __main__ - WARNING - Error message: Too many requests from your IP address. We limit our service to 50 unique lookups per hour. Please wait 1 hour before making another request for your access to reset.
2026-07-03 22:04:30,808 - __main__ - INFO - Next run will occur in 1 hour due to updated schedule.
2026-07-03 23:59:20,638 - __main__ - INFO - Token value: 1234
2026-07-03 23:59:21,393 - __main__ - WARNING - API rate limit exceeded (status code: 429). This is temporary and will reset automatically.
2026-07-03 23:59:21,395 - __main__ - WARNING - Error message: Too many requests from your IP address. We limit our service to 50 unique lookups per hour. Please wait 1 hour before making another request for your access to reset.
2026-07-03 23:59:21,395 - __main__ - INFO - Next run will occur in 1 hour due to updated schedule.
2026-07-04 03:38:46,994 - __main__ - INFO - Token value: 1234
2026-07-04 03:38:47,180 - __main__ - WARNING - API rate limit exceeded (status code: 429). This is temporary and will reset automatically.
2026-07-04 03:38:47,182 - __main__ - WARNING - Error message: Too many requests from your IP address. We limit our service to 50 unique lookups per hour. Please wait 1 hour before making another request for your access to reset.
2026-07-04 03:38:47,182 - __main__ - INFO - Next run will occur in 1 hour due to updated schedule.
2026-07-04 06:42:30,356 - __main__ - INFO - Token value: 1234
2026-07-04 06:42:30,733 - __main__ - WARNING - API rate limit exceeded (status code: 429). This is temporary and will reset automatically.
2026-07-04 06:42:30,735 - __main__ - WARNING - Error message: Too many requests from your IP address. We limit our service to 50 unique lookups per hour. Please wait 1 hour before making another request for your access to reset.
2026-07-04 06:42:30,735 - __main__ - INFO - Next run will occur in 1 hour due to updated schedule.
2026-07-04 09:17:58,211 - __main__ - INFO - Token value: 1234
2026-07-04 09:17:58,825 - __main__ - WARNING - API rate limit exceeded (status code: 429). This is temporary and will reset automatically.
2026-07-04 09:17:58,827 - __main__ - WARNING - Error message: Too many requests from your IP address. We limit our service to 50 unique lookups per hour. Please wait 1 hour before making another request for your access to reset.
2026-07-04 09:17:58,827 - __main__ - INFO - Next run will occur in 1 hour due to updated schedule.
2026-07-04 11:21:53,133 - __main__ - INFO - Token value: 1234
2026-07-04 11:21:53,250 - __main__ - WARNING - API rate limit exceeded (status code: 429). This is temporary and will reset automatically.
2026-07-04 11:21:53,252 - __main__ - WARNING - Error message: Too many requests from your IP address. We limit our service to 50 unique lookups per hour. Please wait 1 hour before making another request for your access to reset.
2026-07-04 11:21:53,252 - __main__ - INFO - Next run will occur in 1 hour due to updated schedule.
2026-07-04 13:10:40,769 - __main__ - INFO - Token value: 1234
2026-07-04 13:10:41,132 - __main__ - WARNING - API rate limit exceeded (status code: 429). This is temporary and will reset automatically.
2026-07-04 13:10:41,134 - __main__ - WARNING - Error message: Too many requests from your IP address. We limit our service to 50 unique lookups per hour. Please wait 1 hour before making another request for your access to reset.
2026-07-04 13:10:41,134 - __main__ - INFO - Next run will occur in 1 hour due to updated schedule.
2026-07-04 15:00:45,030 - __main__ - INFO - Token value: 1234
2026-07-04 15:00:45,760 - __main__ - WARNING - API rate limit exceeded (status code: 429). This is temporary and will reset automatically.
2026-07-04 15:00:45,761 - __main__ - WARNING - Error message: Too many requests from your IP address. We limit our service to 50 unique lookups per hour. Please wait 1 hour before making another request for your access to reset.
2026-07-04 15:00:45,762 - __main__ - INFO - Next run will occur in 1 hour due to updated schedule.
2026-07-04 16:58:14,596 - __main__ - INFO - Token value: 1234
2026-07-04 16:58:14,916 - __main__ - WARNING - API rate limit exceeded (status code: 429). This is temporary and will reset automatically.
2026-07-04 16:58:14,918 - __main__ - WARNING - Error message: Too many requests from your IP address. We limit our service to 50 unique lookups per hour. Please wait 1 hour before making another request for your access to reset.
2026-07-04 16:58:14,918 - __main__ - INFO - Next run will occur in 1 hour due to updated schedule.
2026-07-04 18:02:53,160 - __main__ - INFO - Token value: 1234
2026-07-04 18:02:53,931 - __main__ - WARNING - API rate limit exceeded (status code: 429). This is temporary and will reset automatically.
2026-07-04 18:02:53,933 - __main__ - WARNING - Error message: Too many requests from your IP address. We limit our service to 50 unique lookups per hour. Please wait 1 hour before making another request for your access to reset.
2026-07-04 18:02:53,933 - __main__ - INFO - Next run will occur in 1 hour due to updated schedule.
2026-07-04 20:05:54,994 - __main__ - INFO - Token value: 1234
2026-07-04 20:05:55,611 - __main__ - WARNING - API rate limit exceeded (status code: 429). This is temporary and will reset automatically.
2026-07-04 20:05:55,613 - __main__ - WARNING - Error message: Too many requests from your IP address. We limit our service to 50 unique lookups per hour. Please wait 1 hour before making another request for your access to reset.
2026-07-04 20:05:55,613 - __main__ - INFO - Next run will occur in 1 hour due to updated schedule.
2026-07-04 21:52:41,998 - __main__ - INFO - Token value: 1234
2026-07-04 21:52:42,245 - __main__ - WARNING - API rate limit exceeded (status code: 429). This is temporary and will reset automatically.
2026-07-04 21:52:42,247 - __main__ - WARNING - Error message: Too many requests from your IP address. We limit our service to 50 unique lookups per hour. Please wait 1 hour before making another request for your access to reset.
2026-07-04 21:52:42,247 - __main__ - INFO - Next run will occur in 1 hour due to updated schedule.
2026-07-04 22:52:29,303 - __main__ - INFO - Token value: 1234
2026-07-04 22:52:29,768 - __main__ - WARNING - API rate limit exceeded (status code: 429). This is temporary and will reset automatically.
2026-07-04 22:52:29,770 - __main__ - WARNING - Error message: Too many requests from your IP address. We limit our service to 50 unique lookups per hour. Please wait 1 hour before making another request for your access to reset.
2026-07-04 22:52:29,770 - __main__ - INFO - Next run will occur in 1 hour due to updated schedule.
2026-07-04 23:56:22,845 - __main__ - INFO - Token value: 1234
2026-07-04 23:56:23,065 - __main__ - WARNING - API rate limit exceeded (status code: 429). This is temporary and will reset automatically.
2026-07-04 23:56:23,067 - __main__ - WARNING - Error message: Too many requests from your IP address. We limit our service to 50 unique lookups per hour. Please wait 1 hour before making another request for your access to reset.
2026-07-04 23:56:23,067 - __main__ - INFO - Next run will occur in 1 hour due to updated schedule.
2026-07-05 02:50:08,139 - __main__ - INFO - Token value: 1234
2026-07-05 02:50:08,684 - __main__ - WARNING - API rate limit exceeded (status code: 429). This is temporary and will reset automatically.
2026-07-05 02:50:08,686 - __main__ - WARNING - Error message: Too many requests from your IP address. We limit our service to 50 unique lookups per hour. Please wait 1 hour before making another request for your access to reset.
2026-07-05 02:50:08,686 - __main__ - INFO - Next run will occur in 1 hour due to updated schedule.
2026-07-05 06:35:44,170 - __main__ - INFO - Token value: 1234
2026-07-05 06:35:44,499 - __main__ - WARNING - API rate limit exceeded (status code: 429). This is temporary and will reset automatically.
2026-07-05 06:35:44,501 - __main__ - WARNING - Error message: Too many requests from your IP address. We limit our service to 50 unique lookups per hour. Please wait 1 hour before making another request for your access to reset.
2026-07-05 06:35:44,501 - __main__ - INFO - Next run will occur in 1 hour due to updated schedule.
2026-07-05 09:38:15,633 - __main__ - INFO - Token value: 1234
2026-07-05 09:38:15,827 - __main__ - WARNING - API rate limit exceeded (status code: 429). This is temporary and will reset automatically.
2026-07-05 09:38:15,831 - __main__ - WARNING - Error message: Too many requests from your IP address. We limit our service to 50 unique lookups per hour. Please wait 1 hour before making another request for your access to reset.
2026-07-05 09:38:15,831 - __main__ - INFO - Next run will occur in 1 hour due to updated schedule.
2026-07-05 11:26:07,593 - __main__ - INFO - Token value: 1234
2026-07-05 11:26:08,571 - __main__ - WARNING - API rate limit exceeded (status code: 429). This is temporary and will reset automatically.
2026-07-05 11:26:08,573 - __main__ - WARNING - Error message: Too many requests from your IP address. We limit our service to 50 unique lookups per hour. Please wait 1 hour before making another request for your access to reset.
2026-07-05 11:26:08,573 - __main__ - INFO - Next run will occur in 1 hour due to updated schedule.
2026-07-05 13:19:04,521 - __main__ - INFO - Token value: 1234
2026-07-05 13:19:04,756 - __main__ - WARNING - API rate limit exceeded (status code: 429). This is temporary and will reset automatically.
2026-07-05 13:19:04,757 - __main__ - WARNING - Error message: Too many requests from your IP address. We limit our service to 50 unique lookups per hour. Please wait 1 hour before making another request for your access to reset.
2026-07-05 13:19:04,757 - __main__ - INFO - Next run will occur in 1 hour due to updated schedule.
2026-07-05 15:08:53,920 - __main__ - INFO - Token value: 1234
2026-07-05 15:08:54,659 - __main__ - WARNING - API rate limit exceeded (status code: 429). This is temporary and will reset automatically.
2026-07-05 15:08:54,660 - __main__ - WARNING - Error message: Too many requests from your IP address. We limit our service to 50 unique lookups per hour. Please wait 1 hour before making another request for your access to reset.
2026-07-05 15:08:54,660 - __main__ - INFO - Next run will occur in 1 hour due to updated schedule.
2026-07-05 17:02:15,471 - __main__ - INFO - Token value: 1234
2026-07-05 17:02:15,699 - __main__ - WARNING - API rate limit exceeded (status code: 429). This is temporary and will reset automatically.
2026-07-05 17:02:15,701 - __main__ - WARNING - Error message: Too many requests from your IP address. We limit our service to 50 unique lookups per hour. Please wait 1 hour before making another request for your access to reset.
2026-07-05 17:02:15,701 - __main__ - INFO - Next run will occur in 1 hour due to updated schedule.
2026-07-05 19:07:37,563 - __main__ - INFO - Token value: 1234
2026-07-05 19:07:37,796 - __main__ - WARNING - API rate limit exceeded (status code: 429). This is temporary and will reset automatically.
2026-07-05 19:07:37,798 - __main__ - WARNING - Error message: Too many requests from your IP address. We limit our service to 50 unique lookups per hour. Please wait 1 hour before making another request for your access to reset.
2026-07-05 19:07:37,798 - __main__ - INFO - Next run will occur in 1 hour due to updated schedule.
2026-07-05 20:51:52,259 - __main__ - INFO - Token value: 1234
2026-07-05 20:51:52,492 - __main__ - WARNING - API rate limit exceeded (status code: 429). This is temporary and will reset automatically.
2026-07-05 20:51:52,494 - __main__ - WARNING - Error message: Too many requests from your IP address. We limit our service to 50 unique lookups per hour. Please wait 1 hour before making another request for your access to reset.
2026-07-05 20:51:52,494 - __main__ - INFO - Next run will occur in 1 hour due to updated schedule.
2026-07-05 21:56:03,567 - __main__ - INFO - Token value: 1234
2026-07-05 21:56:04,088 - __main__ - WARNING - API rate limit exceeded (status code: 429). This is temporary and will reset automatically.
2026-07-05 21:56:04,090 - __main__ - WARNING - Error message: Too many requests from your IP address. We limit our service to 50 unique lookups per hour. Please wait 1 hour before making another request for your access to reset.
2026-07-05 21:56:04,090 - __main__ - INFO - Next run will occur in 1 hour due to updated schedule.
2026-07-05 22:58:11,684 - __main__ - INFO - Token value: 1234
2026-07-05 22:58:12,188 - __main__ - WARNING - API rate limit exceeded (status code: 429). This is temporary and will reset automatically.
2026-07-05 22:58:12,190 - __main__ - WARNING - Error message: Too many requests from your IP address. We limit our service to 50 unique lookups per hour. Please wait 1 hour before making another request for your access to reset.
2026-07-05 22:58:12,190 - __main__ - INFO - Next run will occur in 1 hour due to updated schedule.
2026-07-06 00:08:58,955 - __main__ - INFO - Token value: 1234
2026-07-06 00:08:59,733 - __main__ - WARNING - API rate limit exceeded (status code: 429). This is temporary and will reset automatically.
2026-07-06 00:08:59,735 - __main__ - WARNING - Error message: Too many requests from your IP address. We limit our service to 50 unique lookups per hour. Please wait 1 hour before making another request for your access to reset.
2026-07-06 00:08:59,735 - __main__ - INFO - Next run will occur in 1 hour due to updated schedule.
2026-07-06 05:05:27,439 - __main__ - INFO - Token value: 1234
2026-07-06 05:05:27,519 - __main__ - WARNING - API rate limit exceeded (status code: 429). This is temporary and will reset automatically.
2026-07-06 05:05:27,520 - __main__ - WARNING - Error message: Too many requests from your IP address. We limit our service to 50 unique lookups per hour. Please wait 1 hour before making another request for your access to reset.
2026-07-06 05:05:27,521 - __main__ - INFO - Next run will occur in 1 hour due to updated schedule.
2026-07-06 10:05:26,441 - __main__ - INFO - Token value: 1234
2026-07-06 10:05:27,000 - __main__ - WARNING - API rate limit exceeded (status code: 429). This is temporary and will reset automatically.
2026-07-06 10:05:27,002 - __main__ - WARNING - Error message: Too many requests from your IP address. We limit our service to 50 unique lookups per hour. Please wait 1 hour before making another request for your access to reset.
2026-07-06 10:05:27,002 - __main__ - INFO - Next run will occur in 1 hour due to updated schedule.
2026-07-06 14:21:46,736 - __main__ - INFO - Token value: 1234
2026-07-06 14:21:46,822 - __main__ - WARNING - API rate limit exceeded (status code: 429). This is temporary and will reset automatically.
2026-07-06 14:21:46,823 - __main__ - WARNING - Error message: Too many requests from your IP address. We limit our service to 50 unique lookups per hour. Please wait 1 hour before making another request for your access to reset.
2026-07-06 14:21:46,823 - __main__ - INFO - Next run will occur in 1 hour due to updated schedule.
2026-07-06 17:38:07,755 - __main__ - INFO - Token value: 1234
2026-07-06 17:38:08,313 - __main__ - WARNING - API rate limit exceeded (status code: 429). This is temporary and will reset automatically.
2026-07-06 17:38:08,315 - __main__ - WARNING - Error message: Too many requests from your IP address. We limit our service to 50 unique lookups per hour. Please wait 1 hour before making another request for your access to reset.
2026-07-06 17:38:08,315 - __main__ - INFO - Next run will occur in 1 hour due to updated schedule.
2026-07-06 19:47:30,325 - __main__ - INFO - Token value: 1234
2026-07-06 19:47:30,419 - __main__ - WARNING - API rate limit exceeded (status code: 429). This is temporary and will reset automatically.
2026-07-06 19:47:30,421 - __main__ - WARNING - Error message: Too many requests from your IP address. We limit our service to 50 unique lookups per hour. Please wait 1 hour before making another request for your access to reset.
2026-07-06 19:47:30,421 - __main__ - INFO - Next run will occur in 1 hour due to updated schedule.
2026-07-06 21:24:07,451 - __main__ - INFO - Token value: 1234
2026-07-06 21:24:07,925 - __main__ - WARNING - API rate limit exceeded (status code: 429). This is temporary and will reset automatically.
2026-07-06 21:24:07,927 - __main__ - WARNING - Error message: Too many requests from your IP address. We limit our service to 50 unique lookups per hour. Please wait 1 hour before making another request for your access to reset.
2026-07-06 21:24:07,927 - __main__ - INFO - Next run will occur in 1 hour due to updated schedule.
2026-07-06 23:01:32,387 - __main__ - INFO - Token value: 1234
2026-07-06 23:01:32,570 - __main__ - WARNING - API rate limit exceeded (status code: 429). This is temporary and will reset automatically.
2026-07-06 23:01:32,572 - __main__ - WARNING - Error message: Too many requests from your IP address. We limit our service to 50 unique lookups per hour. Please wait 1 hour before making another request for your access to reset.
2026-07-06 23:01:32,572 - __main__ - INFO - Next run will occur in 1 hour due to updated schedule.
2026-07-07 02:33:51,488 - __main__ - INFO - Token value: 1234
2026-07-07 02:33:51,786 - __main__ - WARNING - API rate limit exceeded (status code: 429). This is temporary and will reset automatically.
2026-07-07 02:33:51,788 - __main__ - WARNING - Error message: Too many requests from your IP address. We limit our service to 50 unique lookups per hour. Please wait 1 hour before making another request for your access to reset.
2026-07-07 02:33:51,788 - __main__ - INFO - Next run will occur in 1 hour due to updated schedule.
2026-07-07 06:40:24,692 - __main__ - INFO - Token value: 1234
2026-07-07 06:40:25,454 - __main__ - WARNING - API rate limit exceeded (status code: 429). This is temporary and will reset automatically.
2026-07-07 06:40:25,455 - __main__ - WARNING - Error message: Too many requests from your IP address. We limit our service to 50 unique lookups per hour. Please wait 1 hour before making another request for your access to reset.
2026-07-07 06:40:25,455 - __main__ - INFO - Next run will occur in 1 hour due to updated schedule.
2026-07-07 10:20:55,757 - __main__ - INFO - Token value: 1234
2026-07-07 10:20:55,952 - __main__ - WARNING - API rate limit exceeded (status code: 429). This is temporary and will reset automatically.
2026-07-07 10:20:55,954 - __main__ - WARNING - Error message: Too many requests from your IP address. We limit our service to 50 unique lookups per hour. Please wait 1 hour before making another request for your access to reset.
2026-07-07 10:20:55,954 - __main__ - INFO - Next run will occur in 1 hour due to updated schedule.
2026-07-07 13:13:56,493 - __main__ - INFO - Token value: 1234
2026-07-07 13:13:56,940 - __main__ - WARNING - API rate limit exceeded (status code: 429). This is temporary and will reset automatically.
2026-07-07 13:13:56,942 - __main__ - WARNING - Error message: Too many requests from your IP address. We limit our service to 50 unique lookups per hour. Please wait 1 hour before making another request for your access to reset.
2026-07-07 13:13:56,943 - __main__ - INFO - Next run will occur in 1 hour due to updated schedule.
2026-07-07 16:23:58,090 - __main__ - INFO - Token value: 1234
2026-07-07 16:23:58,306 - __main__ - WARNING - API rate limit exceeded (status code: 429). This is temporary and will reset automatically.
2026-07-07 16:23:58,308 - __main__ - WARNING - Error message: Too many requests from your IP address. We limit our service to 50 unique lookups per hour. Please wait 1 hour before making another request for your access to reset.
2026-07-07 16:23:58,308 - __main__ - INFO - Next run will occur in 1 hour due to updated schedule.
2026-07-07 18:57:31,957 - __main__ - INFO - Token value: 1234
2026-07-07 18:57:32,528 - __main__ - WARNING - API rate limit exceeded (status code: 429). This is temporary and will reset automatically.
2026-07-07 18:57:32,530 - __main__ - WARNING - Error message: Too many requests from your IP address. We limit our service to 50 unique lookups per hour. Please wait 1 hour before making another request for your access to reset.
2026-07-07 18:57:32,530 - __main__ - INFO - Next run will occur in 1 hour due to updated schedule.
2026-07-07 20:48:59,564 - __main__ - INFO - Token value: 1234
2026-07-07 20:49:00,190 - __main__ - WARNING - API rate limit exceeded (status code: 429). This is temporary and will reset automatically.
2026-07-07 20:49:00,192 - __main__ - WARNING - Error message: Too many requests from your IP address. We limit our service to 50 unique lookups per hour. Please wait 1 hour before making another request for your access to reset.
2026-07-07 20:49:00,192 - __main__ - INFO - Next run will occur in 1 hour due to updated schedule.
2026-07-07 22:07:20,354 - __main__ - INFO - Token value: 1234
2026-07-07 22:07:20,983 - __main__ - WARNING - API rate limit exceeded (status code: 429). This is temporary and will reset automatically.
2026-07-07 22:07:20,986 - __main__ - WARNING - Error message: Too many requests from your IP address. We limit our service to 50 unique lookups per hour. Please wait 1 hour before making another request for your access to reset.
2026-07-07 22:07:20,986 - __main__ - INFO - Next run will occur in 1 hour due to updated schedule.
2026-07-07 23:53:06,547 - __main__ - INFO - Token value: 1234
2026-07-07 23:53:06,904 - __main__ - WARNING - API rate limit exceeded (status code: 429). This is temporary and will reset automatically.
2026-07-07 23:53:06,906 - __main__ - WARNING - Error message: Too many requests from your IP address. We limit our service to 50 unique lookups per hour. Please wait 1 hour before making another request for your access to reset.
2026-07-07 23:53:06,906 - __main__ - INFO - Next run will occur in 1 hour due to updated schedule.
2026-07-08 02:07:26,801 - __main__ - INFO - Token value: 1234
2026-07-08 02:07:26,999 - __main__ - WARNING - API rate limit exceeded (status code: 429). This is temporary and will reset automatically.
2026-07-08 02:07:27,000 - __main__ - WARNING - Error message: Too many requests from your IP address. We limit our service to 50 unique lookups per hour. Please wait 1 hour before making another request for your access to reset.
2026-07-08 02:07:27,001 - __main__ - INFO - Next run will occur in 1 hour due to updated schedule.
2026-07-08 05:44:41,095 - __main__ - INFO - Token value: 1234
2026-07-08 05:44:41,217 - __main__ - WARNING - API rate limit exceeded (status code: 429). This is temporary and will reset automatically.
2026-07-08 05:44:41,219 - __main__ - WARNING - Error message: Too many requests from your IP address. We limit our service to 50 unique lookups per hour. Please wait 1 hour before making another request for your access to reset.
2026-07-08 05:44:41,219 - __main__ - INFO - Next run will occur in 1 hour due to updated schedule.
2026-07-08 08:15:56,912 - __main__ - INFO - Token value: 1234
2026-07-08 08:15:57,661 - __main__ - WARNING - API rate limit exceeded (status code: 429). This is temporary and will reset automatically.
2026-07-08 08:15:57,662 - __main__ - WARNING - Error message: Too many requests from your IP address. We limit our service to 50 unique lookups per hour. Please wait 1 hour before making another request for your access to reset.
2026-07-08 08:15:57,663 - __main__ - INFO - Next run will occur in 1 hour due to updated schedule.
2026-07-08 10:58:26,347 - __main__ - INFO - Token value: 1234
2026-07-08 10:58:26,416 - __main__ - WARNING - API rate limit exceeded (status code: 429). This is temporary and will reset automatically.
2026-07-08 10:58:26,418 - __main__ - WARNING - Error message: Too many requests from your IP address. We limit our service to 50 unique lookups per hour. Please wait 1 hour before making another request for your access to reset.
2026-07-08 10:58:26,418 - __main__ - INFO - Next run will occur in 1 hour due to updated schedule.
2026-07-08 12:22:09,895 - __main__ - INFO - Token value: 1234
2026-07-08 12:22:10,134 - __main__ - WARNING - API rate limit exceeded (status code: 429). This is temporary and will reset automatically.
2026-07-08 12:22:10,136 - __main__ - WARNING - Error message: Too many requests from your IP address. We limit our service to 50 unique lookups per hour. Please wait 1 hour before making another request for your access to reset.
2026-07-08 12:22:10,136 - __main__ - INFO - Next run will occur in 1 hour due to updated schedule.
2026-07-08 15:13:42,907 - __main__ - INFO - Token value: 1234
2026-07-08 15:13:43,015 - __main__ - WARNING - API rate limit exceeded (status code: 429). This is temporary and will reset automatically.
2026-07-08 15:13:43,018 - __main__ - WARNING - Error message: Too many requests from your IP address. We limit our service to 50 unique lookups per hour. Please wait 1 hour before making another request for your access to reset.
2026-07-08 15:13:43,018 - __main__ - INFO - Next run will occur in 1 hour due to updated schedule.
2026-07-08 17:23:37,195 - __main__ - INFO - Token value: 1234
2026-07-08 17:23:37,271 - __main__ - WARNING - API rate limit exceeded (status code: 429). This is temporary and will reset automatically.
2026-07-08 17:23:37,273 - __main__ - WARNING - Error message: Too many requests from your IP address. We limit our service to 50 unique lookups per hour. Please wait 1 hour before making another request for your access to reset.
2026-07-08 17:23:37,273 - __main__ - INFO - Next run will occur in 1 hour due to updated schedule.
2026-07-08 19:15:36,478 - __main__ - INFO - Token value: 1234
2026-07-08 19:15:37,077 - __main__ - WARNING - API rate limit exceeded (status code: 429). This is temporary and will reset automatically.
2026-07-08 19:15:37,078 - __main__ - WARNING - Error message: Too many requests from your IP address. We limit our service to 50 unique lookups per hour. Please wait 1 hour before making another request for your access to reset.
2026-07-08 19:15:37,078 - __main__ - INFO - Next run will occur in 1 hour due to updated schedule.
2026-07-08 21:00:15,742 - __main__ - INFO - Token value: 1234
2026-07-08 21:00:16,329 - __main__ - WARNING - API rate limit exceeded (status code: 429). This is temporary and will reset automatically.
2026-07-08 21:00:16,331 - __main__ - WARNING - Error message: Too many requests from your IP address. We limit our service to 50 unique lookups per hour. Please wait 1 hour before making another request for your access to reset.
2026-07-08 21:00:16,331 - __main__ - INFO - Next run will occur in 1 hour due to updated schedule.
2026-07-08 22:13:06,801 - __main__ - INFO - Token value: 1234
2026-07-08 22:13:06,880 - __main__ - WARNING - API rate limit exceeded (status code: 429). This is temporary and will reset automatically.
2026-07-08 22:13:06,882 - __main__ - WARNING - Error message: Too many requests from your IP address. We limit our service to 50 unique lookups per hour. Please wait 1 hour before making another request for your access to reset.
2026-07-08 22:13:06,882 - __main__ - INFO - Next run will occur in 1 hour due to updated schedule.
2026-07-09 00:04:13,404 - __main__ - INFO - Token value: 1234
2026-07-09 00:04:14,208 - __main__ - WARNING - API rate limit exceeded (status code: 429). This is temporary and will reset automatically.
2026-07-09 00:04:14,210 - __main__ - WARNING - Error message: Too many requests from your IP address. We limit our service to 50 unique lookups per hour. Please wait 1 hour before making another request for your access to reset.
2026-07-09 00:04:14,210 - __main__ - INFO - Next run will occur in 1 hour due to updated schedule.
2026-07-09 04:45:44,188 - __main__ - INFO - Token value: 1234
2026-07-09 04:45:44,754 - __main__ - WARNING - API rate limit exceeded (status code: 429). This is temporary and will reset automatically.
2026-07-09 04:45:44,756 - __main__ - WARNING - Error message: Too many requests from your IP address. We limit our service to 50 unique lookups per hour. Please wait 1 hour before making another request for your access to reset.
2026-07-09 04:45:44,756 - __main__ - INFO - Next run will occur in 1 hour due to updated schedule.
2026-07-09 08:22:25,271 - __main__ - INFO - Token value: 1234
2026-07-09 08:22:25,471 - __main__ - WARNING - API rate limit exceeded (status code: 429). This is temporary and will reset automatically.
2026-07-09 08:22:25,473 - __main__ - WARNING - Error message: Too many requests from your IP address. We limit our service to 50 unique lookups per hour. Please wait 1 hour before making another request for your access to reset.
2026-07-09 08:22:25,473 - __main__ - INFO - Next run will occur in 1 hour due to updated schedule.
2026-07-09 11:56:26,458 - __main__ - INFO - Token value: 1234
2026-07-09 11:56:26,699 - __main__ - WARNING - API rate limit exceeded (status code: 429). This is temporary and will reset automatically.
2026-07-09 11:56:26,701 - __main__ - WARNING - Error message: Too many requests from your IP address. We limit our service to 50 unique lookups per hour. Please wait 1 hour before making another request for your access to reset.
2026-07-09 11:56:26,701 - __main__ - INFO - Next run will occur in 1 hour due to updated schedule.
2026-07-09 14:43:47,467 - __main__ - INFO - Token value: 1234
2026-07-09 14:43:47,684 - __main__ - WARNING - API rate limit exceeded (status code: 429). This is temporary and will reset automatically.
2026-07-09 14:43:47,687 - __main__ - WARNING - Error message: Too many requests from your IP address. We limit our service to 50 unique lookups per hour. Please wait 1 hour before making another request for your access to reset.
2026-07-09 14:43:47,687 - __main__ - INFO - Next run will occur in 1 hour due to updated schedule.
2026-07-09 17:16:05,965 - __main__ - INFO - Token value: 1234
2026-07-09 17:16:06,194 - __main__ - WARNING - API rate limit exceeded (status code: 429). This is temporary and will reset automatically.
2026-07-09 17:16:06,196 - __main__ - WARNING - Error message: Too many requests from your IP address. We limit our service to 50 unique lookups per hour. Please wait 1 hour before making another request for your access to reset.
2026-07-09 17:16:06,196 - __main__ - INFO - Next run will occur in 1 hour due to updated schedule.
2026-07-09 19:28:36,762 - __main__ - INFO - Token value: 1234
2026-07-09 19:28:37,478 - __main__ - WARNING - API rate limit exceeded (status code: 429). This is temporary and will reset automatically.
2026-07-09 19:28:37,480 - __main__ - WARNING - Error message: Too many requests from your IP address. We limit our service to 50 unique lookups per hour. Please wait 1 hour before making another request for your access to reset.
2026-07-09 19:28:37,480 - __main__ - INFO - Next run will occur in 1 hour due to updated schedule.
2026-07-09 21:17:04,110 - __main__ - INFO - Token value: 1234
2026-07-09 21:17:04,394 - __main__ - WARNING - API rate limit exceeded (status code: 429). This is temporary and will reset automatically.
2026-07-09 21:17:04,396 - __main__ - WARNING - Error message: Too many requests from your IP address. We limit our service to 50 unique lookups per hour. Please wait 1 hour before making another request for your access to reset.
2026-07-09 21:17:04,396 - __main__ - INFO - Next run will occur in 1 hour due to updated schedule.
2026-07-09 23:05:58,976 - __main__ - INFO - Token value: 1234
2026-07-09 23:05:59,612 - __main__ - WARNING - API rate limit exceeded (status code: 429). This is temporary and will reset automatically.
2026-07-09 23:05:59,614 - __main__ - WARNING - Error message: Too many requests from your IP address. We limit our service to 50 unique lookups per hour. Please wait 1 hour before making another request for your access to reset.
2026-07-09 23:05:59,614 - __main__ - INFO - Next run will occur in 1 hour due to updated schedule.
2026-07-10 02:27:28,313 - __main__ - INFO - Token value: 1234
2026-07-10 02:27:28,563 - __main__ - WARNING - API rate limit exceeded (status code: 429). This is temporary and will reset automatically.
2026-07-10 02:27:28,565 - __main__ - WARNING - Error message: Too many requests from your IP address. We limit our service to 50 unique lookups per hour. Please wait 1 hour before making another request for your access to reset.
2026-07-10 02:27:28,565 - __main__ - INFO - Next run will occur in 1 hour due to updated schedule.
2026-07-10 06:38:24,068 - __main__ - INFO - Token value: 1234
2026-07-10 06:38:24,491 - __main__ - WARNING - API rate limit exceeded (status code: 429). This is temporary and will reset automatically.
2026-07-10 06:38:24,493 - __main__ - WARNING - Error message: Too many requests from your IP address. We limit our service to 50 unique lookups per hour. Please wait 1 hour before making another request for your access to reset.
2026-07-10 06:38:24,493 - __main__ - INFO - Next run will occur in 1 hour due to updated schedule.
2026-07-10 10:18:31,498 - __main__ - INFO - Token value: 1234
2026-07-10 10:18:31,982 - __main__ - WARNING - API rate limit exceeded (status code: 429). This is temporary and will reset automatically.
2026-07-10 10:18:31,984 - __main__ - WARNING - Error message: Too many requests from your IP address. We limit our service to 50 unique lookups per hour. Please wait 1 hour before making another request for your access to reset.
2026-07-10 10:18:31,984 - __main__ - INFO - Next run will occur in 1 hour due to updated schedule.
2026-07-10 13:07:22,056 - __main__ - INFO - Token value: 1234
2026-07-10 13:07:22,680 - __main__ - WARNING - API rate limit exceeded (status code: 429). This is temporary and will reset automatically.
2026-07-10 13:07:22,682 - __main__ - WARNING - Error message: Too many requests from your IP address. We limit our service to 50 unique lookups per hour. Please wait 1 hour before making another request for your access to reset.
2026-07-10 13:07:22,682 - __main__ - INFO - Next run will occur in 1 hour due to updated schedule.
2026-07-10 16:20:42,427 - __main__ - INFO - Token value: 1234
2026-07-10 16:20:42,655 - __main__ - WARNING - API rate limit exceeded (status code: 429). This is temporary and will reset automatically.
2026-07-10 16:20:42,657 - __main__ - WARNING - Error message: Too many requests from your IP address. We limit our service to 50 unique lookups per hour. Please wait 1 hour before making another request for your access to reset.
2026-07-10 16:20:42,657 - __main__ - INFO - Next run will occur in 1 hour due to updated schedule.
2026-07-10 18:18:45,532 - __main__ - INFO - Token value: 1234
2026-07-10 18:18:46,052 - __main__ - WARNING - API rate limit exceeded (status code: 429). This is temporary and will reset automatically.
2026-07-10 18:18:46,053 - __main__ - WARNING - Error message: Too many requests from your IP address. We limit our service to 50 unique lookups per hour. Please wait 1 hour before making another request for your access to reset.
2026-07-10 18:18:46,053 - __main__ - INFO - Next run will occur in 1 hour due to updated schedule.
2026-07-10 20:17:17,201 - __main__ - INFO - Token value: 1234
2026-07-10 20:17:17,321 - __main__ - WARNING - API rate limit exceeded (status code: 429). This is temporary and will reset automatically.
2026-07-10 20:17:17,324 - __main__ - WARNING - Error message: Too many requests from your IP address. We limit our service to 50 unique lookups per hour. Please wait 1 hour before making another request for your access to reset.
2026-07-10 20:17:17,324 - __main__ - INFO - Next run will occur in 1 hour due to updated schedule.
2026-07-10 21:55:48,994 - __main__ - INFO - Token value: 1234
2026-07-10 21:55:49,600 - __main__ - WARNING - API rate limit exceeded (status code: 429). This is temporary and will reset automatically.
2026-07-10 21:55:49,602 - __main__ - WARNING - Error message: Too many requests from your IP address. We limit our service to 50 unique lookups per hour. Please wait 1 hour before making another request for your access to reset.
2026-07-10 21:55:49,602 - __main__ - INFO - Next run will occur in 1 hour due to updated schedule.
2026-07-10 22:56:22,787 - __main__ - INFO - Token value: 1234
2026-07-10 22:56:23,244 - __main__ - WARNING - API rate limit exceeded (status code: 429). This is temporary and will reset automatically.
2026-07-10 22:56:23,246 - __main__ - WARNING - Error message: Too many requests from your IP address. We limit our service to 50 unique lookups per hour. Please wait 1 hour before making another request for your access to reset.
2026-07-10 22:56:23,246 - __main__ - INFO - Next run will occur in 1 hour due to updated schedule.
2026-07-10 23:55:07,230 - __main__ - INFO - Token value: 1234
2026-07-10 23:55:07,332 - __main__ - WARNING - API rate limit exceeded (status code: 429). This is temporary and will reset automatically.
2026-07-10 23:55:07,334 - __main__ - WARNING - Error message: Too many requests from your IP address. We limit our service to 50 unique lookups per hour. Please wait 1 hour before making another request for your access to reset.
2026-07-10 23:55:07,334 - __main__ - INFO - Next run will occur in 1 hour due to updated schedule.
2026-07-11 02:05:09,846 - __main__ - INFO - Token value: 1234
2026-07-11 02:05:10,276 - __main__ - WARNING - API rate limit exceeded (status code: 429). This is temporary and will reset automatically.
2026-07-11 02:05:10,277 - __main__ - WARNING - Error message: Too many requests from your IP address. We limit our service to 50 unique lookups per hour. Please wait 1 hour before making another request for your access to reset.
2026-07-11 02:05:10,277 - __main__ - INFO - Next run will occur in 1 hour due to updated schedule.
2026-07-11 05:34:36,366 - __main__ - INFO - Token value: 1234
2026-07-11 05:34:37,046 - __main__ - WARNING - API rate limit exceeded (status code: 429). This is temporary and will reset automatically.
2026-07-11 05:34:37,048 - __main__ - WARNING - Error message: Too many requests from your IP address. We limit our service to 50 unique lookups per hour. Please wait 1 hour before making another request for your access to reset.
2026-07-11 05:34:37,048 - __main__ - INFO - Next run will occur in 1 hour due to updated schedule.
2026-07-11 07:45:35,484 - __main__ - INFO - Token value: 1234
2026-07-11 07:45:36,285 - __main__ - WARNING - API rate limit exceeded (status code: 429). This is temporary and will reset automatically.
2026-07-11 07:45:36,287 - __main__ - WARNING - Error message: Too many requests from your IP address. We limit our service to 50 unique lookups per hour. Please wait 1 hour before making another request for your access to reset.
2026-07-11 07:45:36,287 - __main__ - INFO - Next run will occur in 1 hour due to updated schedule.
2026-07-11 09:21:49,916 - __main__ - INFO - Token value: 1234
2026-07-11 09:21:50,456 - __main__ - WARNING - API rate limit exceeded (status code: 429). This is temporary and will reset automatically.
2026-07-11 09:21:50,458 - __main__ - WARNING - Error message: Too many requests from your IP address. We limit our service to 50 unique lookups per hour. Please wait 1 hour before making another request for your access to reset.
2026-07-11 09:21:50,458 - __main__ - INFO - Next run will occur in 1 hour due to updated schedule.
2026-07-11 10:58:37,142 - __main__ - INFO - Token value: 1234
2026-07-11 10:58:38,419 - __main__ - WARNING - API rate limit exceeded (status code: 429). This is temporary and will reset automatically.
2026-07-11 10:58:38,421 - __main__ - WARNING - Error message: Too many requests from your IP address. We limit our service to 50 unique lookups per hour. Please wait 1 hour before making another request for your access to reset.
2026-07-11 10:58:38,421 - __main__ - INFO - Next run will occur in 1 hour due to updated schedule.
2026-07-11 11:54:35,127 - __main__ - INFO - Token value: 1234
2026-07-11 11:54:35,603 - __main__ - WARNING - API rate limit exceeded (status code: 429). This is temporary and will reset automatically.
2026-07-11 11:54:35,605 - __main__ - WARNING - Error message: Too many requests from your IP address. We limit our service to 50 unique lookups per hour. Please wait 1 hour before making another request for your access to reset.
2026-07-11 11:54:35,605 - __main__ - INFO - Next run will occur in 1 hour due to updated schedule.
2026-07-11 13:05:14,853 - __main__ - INFO - Token value: 1234
2026-07-11 13:05:15,385 - __main__ - WARNING - API rate limit exceeded (status code: 429). This is temporary and will reset automatically.
2026-07-11 13:05:15,387 - __main__ - WARNING - Error message: Too many requests from your IP address. We limit our service to 50 unique lookups per hour. Please wait 1 hour before making another request for your access to reset.
2026-07-11 13:05:15,387 - __main__ - INFO - Next run will occur in 1 hour due to updated schedule.
2026-07-11 14:47:04,421 - __main__ - INFO - Token value: 1234
2026-07-11 14:47:04,513 - __main__ - WARNING - API rate limit exceeded (status code: 429). This is temporary and will reset automatically.
2026-07-11 14:47:04,515 - __main__ - WARNING - Error message: Too many requests from your IP address. We limit our service to 50 unique lookups per hour. Please wait 1 hour before making another request for your access to reset.
2026-07-11 14:47:04,516 - __main__ - INFO - Next run will occur in 1 hour due to updated schedule.
2026-07-11 15:49:14,778 - __main__ - INFO - Token value: 1234
2026-07-11 15:49:14,864 - __main__ - WARNING - API rate limit exceeded (status code: 429). This is temporary and will reset automatically.
2026-07-11 15:49:14,866 - __main__ - WARNING - Error message: Too many requests from your IP address. We limit our service to 50 unique lookups per hour. Please wait 1 hour before making another request for your access to reset.
2026-07-11 15:49:14,866 - __main__ - INFO - Next run will occur in 1 hour due to updated schedule.
2026-07-11 16:49:25,078 - __main__ - INFO - Token value: 1234
2026-07-11 16:49:25,586 - __main__ - WARNING - API rate limit exceeded (status code: 429). This is temporary and will reset automatically.
2026-07-11 16:49:25,588 - __main__ - WARNING - Error message: Too many requests from your IP address. We limit our service to 50 unique lookups per hour. Please wait 1 hour before making another request for your access to reset.
2026-07-11 16:49:25,588 - __main__ - INFO - Next run will occur in 1 hour due to updated schedule.
2026-07-11 17:50:06,587 - __main__ - INFO - Token value: 1234
2026-07-11 17:50:06,950 - __main__ - WARNING - API rate limit exceeded (status code: 429). This is temporary and will reset automatically.
2026-07-11 17:50:06,952 - __main__ - WARNING - Error message: Too many requests from your IP address. We limit our service to 50 unique lookups per hour. Please wait 1 hour before making another request for your access to reset.
2026-07-11 17:50:06,952 - __main__ - INFO - Next run will occur in 1 hour due to updated schedule.
2026-07-11 18:52:43,591 - __main__ - INFO - Token value: 1234
2026-07-11 18:52:44,042 - __main__ - WARNING - API rate limit exceeded (status code: 429). This is temporary and will reset automatically.
2026-07-11 18:52:44,044 - __main__ - WARNING - Error message: Too many requests from your IP address. We limit our service to 50 unique lookups per hour. Please wait 1 hour before making another request for your access to reset.
2026-07-11 18:52:44,044 - __main__ - INFO - Next run will occur in 1 hour due to updated schedule.
2026-07-11 20:02:24,074 - __main__ - INFO - Token value: 1234
2026-07-11 20:02:24,665 - __main__ - WARNING - API rate limit exceeded (status code: 429). This is temporary and will reset automatically.
2026-07-11 20:02:24,667 - __main__ - WARNING - Error message: Too many requests from your IP address. We limit our service to 50 unique lookups per hour. Please wait 1 hour before making another request for your access to reset.
2026-07-11 20:02:24,667 - __main__ - INFO - Next run will occur in 1 hour due to updated schedule.
2026-07-11 21:42:24,820 - __main__ - INFO - Token value: 1234
2026-07-11 21:42:25,286 - __main__ - WARNING - API rate limit exceeded (status code: 429). This is temporary and will reset automatically.
2026-07-11 21:42:25,289 - __main__ - WARNING - Error message: Too many requests from your IP address. We limit our service to 50 unique lookups per hour. Please wait 1 hour before making another request for your access to reset.
2026-07-11 21:42:25,289 - __main__ - INFO - Next run will occur in 1 hour due to updated schedule.
2026-07-11 22:40:52,395 - __main__ - INFO - Token value: 1234
2026-07-11 22:40:53,163 - __main__ - WARNING - API rate limit exceeded (status code: 429). This is temporary and will reset automatically.
2026-07-11 22:40:53,165 - __main__ - WARNING - Error message: Too many requests from your IP address. We limit our service to 50 unique lookups per hour. Please wait 1 hour before making another request for your access to reset.
2026-07-11 22:40:53,165 - __main__ - INFO - Next run will occur in 1 hour due to updated schedule.
2026-07-11 23:48:47,997 - __main__ - INFO - Token value: 1234
2026-07-11 23:48:48,539 - __main__ - WARNING - API rate limit exceeded (status code: 429). This is temporary and will reset automatically.
2026-07-11 23:48:48,541 - __main__ - WARNING - Error message: Too many requests from your IP address. We limit our service to 50 unique lookups per hour. Please wait 1 hour before making another request for your access to reset.
2026-07-11 23:48:48,541 - __main__ - INFO - Next run will occur in 1 hour due to updated schedule.
2026-07-12 02:08:48,797 - __main__ - INFO - Token value: 1234
2026-07-12 02:08:49,420 - __main__ - WARNING - API rate limit exceeded (status code: 429). This is temporary and will reset automatically.
2026-07-12 02:08:49,422 - __main__ - WARNING - Error message: Too many requests from your IP address. We limit our service to 50 unique lookups per hour. Please wait 1 hour before making another request for your access to reset.
2026-07-12 02:08:49,422 - __main__ - INFO - Next run will occur in 1 hour due to updated schedule.
2026-07-12 05:50:49,374 - __main__ - INFO - Token value: 1234
2026-07-12 05:50:49,685 - __main__ - WARNING - API rate limit exceeded (status code: 429). This is temporary and will reset automatically.
2026-07-12 05:50:49,687 - __main__ - WARNING - Error message: Too many requests from your IP address. We limit our service to 50 unique lookups per hour. Please wait 1 hour before making another request for your access to reset.
2026-07-12 05:50:49,687 - __main__ - INFO - Next run will occur in 1 hour due to updated schedule.
2026-07-12 08:07:06,619 - __main__ - INFO - Token value: 1234
2026-07-12 08:07:07,127 - __main__ - WARNING - API rate limit exceeded (status code: 429). This is temporary and will reset automatically.
2026-07-12 08:07:07,129 - __main__ - WARNING - Error message: Too many requests from your IP address. We limit our service to 50 unique lookups per hour. Please wait 1 hour before making another request for your access to reset.
2026-07-12 08:07:07,129 - __main__ - INFO - Next run will occur in 1 hour due to updated schedule.
2026-07-12 10:21:30,975 - __main__ - INFO - Token value: 1234
2026-07-12 10:21:32,032 - __main__ - WARNING - API rate limit exceeded (status code: 429). This is temporary and will reset automatically.
2026-07-12 10:21:32,034 - __main__ - WARNING - Error message: Too many requests from your IP address. We limit our service to 50 unique lookups per hour. Please wait 1 hour before making another request for your access to reset.
2026-07-12 10:21:32,034 - __main__ - INFO - Next run will occur in 1 hour due to updated schedule.
2026-07-12 11:54:15,953 - __main__ - INFO - Token value: 1234
2026-07-12 11:54:16,751 - __main__ - WARNING - API rate limit exceeded (status code: 429). This is temporary and will reset automatically.
2026-07-12 11:54:16,753 - __main__ - WARNING - Error message: Too many requests from your IP address. We limit our service to 50 unique lookups per hour. Please wait 1 hour before making another request for your access to reset.
2026-07-12 11:54:16,753 - __main__ - INFO - Next run will occur in 1 hour due to updated schedule.
2026-07-12 13:05:51,003 - __main__ - INFO - Token value: 1234
2026-07-12 13:05:51,080 - __main__ - WARNING - API rate limit exceeded (status code: 429). This is temporary and will reset automatically.
2026-07-12 13:05:51,082 - __main__ - WARNING - Error message: Too many requests from your IP address. We limit our service to 50 unique lookups per hour. Please wait 1 hour before making another request for your access to reset.
2026-07-12 13:05:51,082 - __main__ - INFO - Next run will occur in 1 hour due to updated schedule.
2026-07-12 14:50:11,115 - __main__ - INFO - Token value: 1234
2026-07-12 14:50:11,303 - __main__ - WARNING - API rate limit exceeded (status code: 429). This is temporary and will reset automatically.
2026-07-12 14:50:11,305 - __main__ - WARNING - Error message: Too many requests from your IP address. We limit our service to 50 unique lookups per hour. Please wait 1 hour before making another request for your access to reset.
2026-07-12 14:50:11,305 - __main__ - INFO - Next run will occur in 1 hour due to updated schedule.
2026-07-12 15:53:41,742 - __main__ - INFO - Token value: 1234
2026-07-12 15:53:42,540 - __main__ - WARNING - API rate limit exceeded (status code: 429). This is temporary and will reset automatically.
2026-07-12 15:53:42,542 - __main__ - WARNING - Error message: Too many requests from your IP address. We limit our service to 50 unique lookups per hour. Please wait 1 hour before making another request for your access to reset.
2026-07-12 15:53:42,542 - __main__ - INFO - Next run will occur in 1 hour due to updated schedule.
2026-07-12 16:52:50,834 - __main__ - INFO - Token value: 1234
2026-07-12 16:52:51,149 - __main__ - WARNING - API rate limit exceeded (status code: 429). This is temporary and will reset automatically.
2026-07-12 16:52:51,151 - __main__ - WARNING - Error message: Too many requests from your IP address. We limit our service to 50 unique lookups per hour. Please wait 1 hour before making another request for your access to reset.
2026-07-12 16:52:51,151 - __main__ - INFO - Next run will occur in 1 hour due to updated schedule.
2026-07-12 17:55:05,282 - __main__ - INFO - Token value: 1234
2026-07-12 17:55:06,044 - __main__ - WARNING - API rate limit exceeded (status code: 429). This is temporary and will reset automatically.
2026-07-12 17:55:06,046 - __main__ - WARNING - Error message: Too many requests from your IP address. We limit our service to 50 unique lookups per hour. Please wait 1 hour before making another request for your access to reset.
2026-07-12 17:55:06,046 - __main__ - INFO - Next run will occur in 1 hour due to updated schedule.
2026-07-12 18:57:18,475 - __main__ - INFO - Token value: 1234
2026-07-12 18:57:18,935 - __main__ - WARNING - API rate limit exceeded (status code: 429). This is temporary and will reset automatically.
2026-07-12 18:57:18,937 - __main__ - WARNING - Error message: Too many requests from your IP address. We limit our service to 50 unique lookups per hour. Please wait 1 hour before making another request for your access to reset.
2026-07-12 18:57:18,937 - __main__ - INFO - Next run will occur in 1 hour due to updated schedule.
2026-07-12 20:05:25,578 - __main__ - INFO - Token value: 1234
2026-07-12 20:05:26,184 - __main__ - WARNING - API rate limit exceeded (status code: 429). This is temporary and will reset automatically.
2026-07-12 20:05:26,185 - __main__ - WARNING - Error message: Too many requests from your IP address. We limit our service to 50 unique lookups per hour. Please wait 1 hour before making another request for your access to reset.
2026-07-12 20:05:26,185 - __main__ - INFO - Next run will occur in 1 hour due to updated schedule.
2026-07-12 21:42:30,532 - __main__ - INFO - Token value: 1234
2026-07-12 21:42:31,104 - __main__ - WARNING - API rate limit exceeded (status code: 429). This is temporary and will reset automatically.
2026-07-12 21:42:31,105 - __main__ - WARNING - Error message: Too many requests from your IP address. We limit our service to 50 unique lookups per hour. Please wait 1 hour before making another request for your access to reset.
2026-07-12 21:42:31,105 - __main__ - INFO - Next run will occur in 1 hour due to updated schedule.
2026-07-12 22:40:54,747 - __main__ - INFO - Token value: 1234
2026-07-12 22:40:54,946 - __main__ - WARNING - API rate limit exceeded (status code: 429). This is temporary and will reset automatically.
2026-07-12 22:40:54,948 - __main__ - WARNING - Error message: Too many requests from your IP address. We limit our service to 50 unique lookups per hour. Please wait 1 hour before making another request for your access to reset.
2026-07-12 22:40:54,948 - __main__ - INFO - Next run will occur in 1 hour due to updated schedule.
2026-07-12 23:46:40,210 - __main__ - INFO - Token value: 1234
2026-07-12 23:46:40,295 - __main__ - WARNING - API rate limit exceeded (status code: 429). This is temporary and will reset automatically.
2026-07-12 23:46:40,297 - __main__ - WARNING - Error message: Too many requests from your IP address. We limit our service to 50 unique lookups per hour. Please wait 1 hour before making another request for your access to reset.
2026-07-12 23:46:40,297 - __main__ - INFO - Next run will occur in 1 hour due to updated schedule.
2026-07-13 02:10:44,558 - __main__ - INFO - Token value: 1234
2026-07-13 02:10:45,033 - __main__ - WARNING - API rate limit exceeded (status code: 429). This is temporary and will reset automatically.
2026-07-13 02:10:45,035 - __main__ - WARNING - Error message: Too many requests from your IP address. We limit our service to 50 unique lookups per hour. Please wait 1 hour before making another request for your access to reset.
2026-07-13 02:10:45,035 - __main__ - INFO - Next run will occur in 1 hour due to updated schedule.
2026-07-13 06:09:08,740 - __main__ - INFO - Token value: 1234
2026-07-13 06:09:09,044 - __main__ - WARNING - API rate limit exceeded (status code: 429). This is temporary and will reset automatically.
2026-07-13 06:09:09,046 - __main__ - WARNING - Error message: Too many requests from your IP address. We limit our service to 50 unique lookups per hour. Please wait 1 hour before making another request for your access to reset.
2026-07-13 06:09:09,046 - __main__ - INFO - Next run will occur in 1 hour due to updated schedule.
2026-07-13 10:18:46,422 - __main__ - INFO - Token value: 1234
2026-07-13 10:18:46,983 - __main__ - WARNING - API rate limit exceeded (status code: 429). This is temporary and will reset automatically.
2026-07-13 10:18:46,985 - __main__ - WARNING - Error message: Too many requests from your IP address. We limit our service to 50 unique lookups per hour. Please wait 1 hour before making another request for your access to reset.
2026-07-13 10:18:46,985 - __main__ - INFO - Next run will occur in 1 hour due to updated schedule.
2026-07-13 13:16:13,193 - __main__ - INFO - Token value: 1234
2026-07-13 13:16:13,464 - __main__ - WARNING - API rate limit exceeded (status code: 429). This is temporary and will reset automatically.
2026-07-13 13:16:13,465 - __main__ - WARNING - Error message: Too many requests from your IP address. We limit our service to 50 unique lookups per hour. Please wait 1 hour before making another request for your access to reset.
2026-07-13 13:16:13,466 - __main__ - INFO - Next run will occur in 1 hour due to updated schedule.
2026-07-13 16:25:36,366 - __main__ - INFO - Token value: 1234
2026-07-13 16:25:37,376 - __main__ - WARNING - API rate limit exceeded (status code: 429). This is temporary and will reset automatically.
2026-07-13 16:25:37,377 - __main__ - WARNING - Error message: Too many requests from your IP address. We limit our service to 50 unique lookups per hour. Please wait 1 hour before making another request for your access to reset.
2026-07-13 16:25:37,377 - __main__ - INFO - Next run will occur in 1 hour due to updated schedule.
2026-07-13 18:28:23,807 - __main__ - INFO - Token value: 1234
2026-07-13 18:28:24,450 - __main__ - WARNING - API rate limit exceeded (status code: 429). This is temporary and will reset automatically.
2026-07-13 18:28:24,452 - __main__ - WARNING - Error message: Too many requests from your IP address. We limit our service to 50 unique lookups per hour. Please wait 1 hour before making another request for your access to reset.
2026-07-13 18:28:24,452 - __main__ - INFO - Next run will occur in 1 hour due to updated schedule.
2026-07-13 20:07:59,365 - __main__ - INFO - Token value: 1234
2026-07-13 20:08:00,049 - __main__ - WARNING - API rate limit exceeded (status code: 429). This is temporary and will reset automatically.
2026-07-13 20:08:00,051 - __main__ - WARNING - Error message: Too many requests from your IP address. We limit our service to 50 unique lookups per hour. Please wait 1 hour before making another request for your access to reset.
2026-07-13 20:08:00,051 - __main__ - INFO - Next run will occur in 1 hour due to updated schedule.
2026-07-13 21:50:32,761 - __main__ - INFO - Token value: 1234
2026-07-13 21:50:33,446 - __main__ - WARNING - API rate limit exceeded (status code: 429). This is temporary and will reset automatically.
2026-07-13 21:50:33,448 - __main__ - WARNING - Error message: Too many requests from your IP address. We limit our service to 50 unique lookups per hour. Please wait 1 hour before making another request for your access to reset.
2026-07-13 21:50:33,448 - __main__ - INFO - Next run will occur in 1 hour due to updated schedule.
2026-07-13 22:50:34,182 - __main__ - INFO - Token value: 1234
2026-07-13 22:50:35,097 - __main__ - WARNING - API rate limit exceeded (status code: 429). This is temporary and will reset automatically.
2026-07-13 22:50:35,099 - __main__ - WARNING - Error message: Too many requests from your IP address. We limit our service to 50 unique lookups per hour. Please wait 1 hour before making another request for your access to reset.
2026-07-13 22:50:35,099 - __main__ - INFO - Next run will occur in 1 hour due to updated schedule.
2026-07-13 23:48:21,804 - __main__ - INFO - Token value: 1234
2026-07-13 23:48:21,879 - __main__ - WARNING - API rate limit exceeded (status code: 429). This is temporary and will reset automatically.
2026-07-13 23:48:21,881 - __main__ - WARNING - Error message: Too many requests from your IP address. We limit our service to 50 unique lookups per hour. Please wait 1 hour before making another request for your access to reset.
2026-07-13 23:48:21,881 - __main__ - INFO - Next run will occur in 1 hour due to updated schedule.
2026-07-14 01:56:22,293 - __main__ - INFO - Token value: 1234
2026-07-14 01:56:22,911 - __main__ - WARNING - API rate limit exceeded (status code: 429). This is temporary and will reset automatically.
2026-07-14 01:56:22,913 - __main__ - WARNING - Error message: Too many requests from your IP address. We limit our service to 50 unique lookups per hour. Please wait 1 hour before making another request for your access to reset.
2026-07-14 01:56:22,913 - __main__ - INFO - Next run will occur in 1 hour due to updated schedule.
2026-07-14 04:48:37,497 - __main__ - INFO - Token value: 1234
2026-07-14 04:48:37,900 - __main__ - WARNING - API rate limit exceeded (status code: 429). This is temporary and will reset automatically.
2026-07-14 04:48:37,902 - __main__ - WARNING - Error message: Too many requests from your IP address. We limit our service to 50 unique lookups per hour. Please wait 1 hour before making another request for your access to reset.
2026-07-14 04:48:37,902 - __main__ - INFO - Next run will occur in 1 hour due to updated schedule.
2026-07-14 07:07:17,638 - __main__ - INFO - Token value: 1234
2026-07-14 07:07:18,076 - __main__ - WARNING - API rate limit exceeded (status code: 429). This is temporary and will reset automatically.
2026-07-14 07:07:18,078 - __main__ - WARNING - Error message: Too many requests from your IP address. We limit our service to 50 unique lookups per hour. Please wait 1 hour before making another request for your access to reset.
2026-07-14 07:07:18,078 - __main__ - INFO - Next run will occur in 1 hour due to updated schedule.
2026-07-14 09:51:29,776 - __main__ - INFO - Token value: 1234
2026-07-14 09:51:30,101 - __main__ - WARNING - API rate limit exceeded (status code: 429). This is temporary and will reset automatically.
2026-07-14 09:51:30,103 - __main__ - WARNING - Error message: Too many requests from your IP address. We limit our service to 50 unique lookups per hour. Please wait 1 hour before making another request for your access to reset.
2026-07-14 09:51:30,103 - __main__ - INFO - Next run will occur in 1 hour due to updated schedule.
2026-07-14 11:21:24,843 - __main__ - INFO - Token value: 1234
2026-07-14 11:21:25,433 - __main__ - WARNING - API rate limit exceeded (status code: 429). This is temporary and will reset automatically.
2026-07-14 11:21:25,435 - __main__ - WARNING - Error message: Too many requests from your IP address. We limit our service to 50 unique lookups per hour. Please wait 1 hour before making another request for your access to reset.
2026-07-14 11:21:25,435 - __main__ - INFO - Next run will occur in 1 hour due to updated schedule.
2026-07-14 13:19:50,955 - __main__ - INFO - Token value: 1234
2026-07-14 13:19:51,328 - __main__ - WARNING - API rate limit exceeded (status code: 429). This is temporary and will reset automatically.
2026-07-14 13:19:51,330 - __main__ - WARNING - Error message: Too many requests from your IP address. We limit our service to 50 unique lookups per hour. Please wait 1 hour before making another request for your access to reset.
2026-07-14 13:19:51,330 - __main__ - INFO - Next run will occur in 1 hour due to updated schedule.
2026-07-14 15:19:16,707 - __main__ - INFO - Token value: 1234
2026-07-14 15:19:17,087 - __main__ - WARNING - API rate limit exceeded (status code: 429). This is temporary and will reset automatically.
2026-07-14 15:19:17,090 - __main__ - WARNING - Error message: Too many requests from your IP address. We limit our service to 50 unique lookups per hour. Please wait 1 hour before making another request for your access to reset.
2026-07-14 15:19:17,090 - __main__ - INFO - Next run will occur in 1 hour due to updated schedule.
2026-07-14 17:07:33,729 - __main__ - INFO - Token value: 1234
2026-07-14 17:07:33,966 - __main__ - WARNING - API rate limit exceeded (status code: 429). This is temporary and will reset automatically.
2026-07-14 17:07:33,968 - __main__ - WARNING - Error message: Too many requests from your IP address. We limit our service to 50 unique lookups per hour. Please wait 1 hour before making another request for your access to reset.
2026-07-14 17:07:33,968 - __main__ - INFO - Next run will occur in 1 hour due to updated schedule.
2026-07-14 19:09:40,381 - __main__ - INFO - Token value: 1234
2026-07-14 19:09:40,729 - __main__ - WARNING - API rate limit exceeded (status code: 429). This is temporary and will reset automatically.
2026-07-14 19:09:40,731 - __main__ - WARNING - Error message: Too many requests from your IP address. We limit our service to 50 unique lookups per hour. Please wait 1 hour before making another request for your access to reset.
2026-07-14 19:09:40,731 - __main__ - INFO - Next run will occur in 1 hour due to updated schedule.
2026-07-14 20:53:51,607 - __main__ - INFO - Token value: 1234
2026-07-14 20:53:52,092 - __main__ - WARNING - API rate limit exceeded (status code: 429). This is temporary and will reset automatically.
2026-07-14 20:53:52,094 - __main__ - WARNING - Error message: Too many requests from your IP address. We limit our service to 50 unique lookups per hour. Please wait 1 hour before making another request for your access to reset.
2026-07-14 20:53:52,094 - __main__ - INFO - Next run will occur in 1 hour due to updated schedule.
2026-07-14 21:52:39,865 - __main__ - INFO - Token value: 1234
2026-07-14 21:52:40,342 - __main__ - WARNING - API rate limit exceeded (status code: 429). This is temporary and will reset automatically.
2026-07-14 21:52:40,344 - __main__ - WARNING - Error message: Too many requests from your IP address. We limit our service to 50 unique lookups per hour. Please wait 1 hour before making another request for your access to reset.
2026-07-14 21:52:40,344 - __main__ - INFO - Next run will occur in 1 hour due to updated schedule.
2026-07-14 22:52:14,913 - __main__ - INFO - Token value: 1234
2026-07-14 22:52:14,991 - __main__ - WARNING - API rate limit exceeded (status code: 429). This is temporary and will reset automatically.
2026-07-14 22:52:14,993 - __main__ - WARNING - Error message: Too many requests from your IP address. We limit our service to 50 unique lookups per hour. Please wait 1 hour before making another request for your access to reset.
2026-07-14 22:52:14,993 - __main__ - INFO - Next run will occur in 1 hour due to updated schedule.
2026-07-14 23:46:39,305 - __main__ - INFO - Token value: 1234
2026-07-14 23:46:40,176 - __main__ - WARNING - API rate limit exceeded (status code: 429). This is temporary and will reset automatically.
2026-07-14 23:46:40,178 - __main__ - WARNING - Error message: Too many requests from your IP address. We limit our service to 50 unique lookups per hour. Please wait 1 hour before making another request for your access to reset.
2026-07-14 23:46:40,178 - __main__ - INFO - Next run will occur in 1 hour due to updated schedule.
2026-07-15 01:52:54,962 - __main__ - INFO - Token value: 1234
2026-07-15 01:52:55,516 - __main__ - WARNING - API rate limit exceeded (status code: 429). This is temporary and will reset automatically.
2026-07-15 01:52:55,518 - __main__ - WARNING - Error message: Too many requests from your IP address. We limit our service to 50 unique lookups per hour. Please wait 1 hour before making another request for your access to reset.
2026-07-15 01:52:55,518 - __main__ - INFO - Next run will occur in 1 hour due to updated schedule.
2026-07-15 04:46:23,691 - __main__ - INFO - Token value: 1234
2026-07-15 04:46:24,392 - __main__ - WARNING - API rate limit exceeded (status code: 429). This is temporary and will reset automatically.
2026-07-15 04:46:24,394 - __main__ - WARNING - Error message: Too many requests from your IP address. We limit our service to 50 unique lookups per hour. Please wait 1 hour before making another request for your access to reset.
2026-07-15 04:46:24,394 - __main__ - INFO - Next run will occur in 1 hour due to updated schedule.
2026-07-15 07:10:24,019 - __main__ - INFO - Token value: 1234
2026-07-15 07:10:24,231 - __main__ - WARNING - API rate limit exceeded (status code: 429). This is temporary and will reset automatically.
2026-07-15 07:10:24,232 - __main__ - WARNING - Error message: Too many requests from your IP address. We limit our service to 50 unique lookups per hour. Please wait 1 hour before making another request for your access to reset.
2026-07-15 07:10:24,232 - __main__ - INFO - Next run will occur in 1 hour due to updated schedule.
2026-07-15 09:55:48,909 - __main__ - INFO - Token value: 1234
2026-07-15 09:55:49,389 - __main__ - WARNING - API rate limit exceeded (status code: 429). This is temporary and will reset automatically.
2026-07-15 09:55:49,391 - __main__ - WARNING - Error message: Too many requests from your IP address. We limit our service to 50 unique lookups per hour. Please wait 1 hour before making another request for your access to reset.
2026-07-15 09:55:49,391 - __main__ - INFO - Next run will occur in 1 hour due to updated schedule.
2026-07-15 11:25:37,132 - __main__ - INFO - Token value: 1234
2026-07-15 11:25:37,494 - __main__ - WARNING - API rate limit exceeded (status code: 429). This is temporary and will reset automatically.
2026-07-15 11:25:37,495 - __main__ - WARNING - Error message: Too many requests from your IP address. We limit our service to 50 unique lookups per hour. Please wait 1 hour before making another request for your access to reset.
2026-07-15 11:25:37,495 - __main__ - INFO - Next run will occur in 1 hour due to updated schedule.
2026-07-15 13:23:21,865 - __main__ - INFO - Token value: 1234
2026-07-15 13:23:21,990 - __main__ - WARNING - API rate limit exceeded (status code: 429). This is temporary and will reset automatically.
2026-07-15 13:23:21,992 - __main__ - WARNING - Error message: Too many requests from your IP address. We limit our service to 50 unique lookups per hour. Please wait 1 hour before making another request for your access to reset.
2026-07-15 13:23:21,992 - __main__ - INFO - Next run will occur in 1 hour due to updated schedule.
2026-07-15 15:22:08,558 - __main__ - INFO - Token value: 1234
2026-07-15 15:22:09,290 - __main__ - WARNING - API rate limit exceeded (status code: 429). This is temporary and will reset automatically.
2026-07-15 15:22:09,292 - __main__ - WARNING - Error message: Too many requests from your IP address. We limit our service to 50 unique lookups per hour. Please wait 1 hour before making another request for your access to reset.
2026-07-15 15:22:09,292 - __main__ - INFO - Next run will occur in 1 hour due to updated schedule.
2026-07-15 17:10:44,723 - __main__ - INFO - Token value: 1234
2026-07-15 17:10:44,803 - __main__ - WARNING - API rate limit exceeded (status code: 429). This is temporary and will reset automatically.
2026-07-15 17:10:44,805 - __main__ - WARNING - Error message: Too many requests from your IP address. We limit our service to 50 unique lookups per hour. Please wait 1 hour before making another request for your access to reset.
2026-07-15 17:10:44,805 - __main__ - INFO - Next run will occur in 1 hour due to updated schedule.
2026-07-15 19:01:52,247 - __main__ - INFO - Token value: 1234
2026-07-15 19:01:52,344 - __main__ - WARNING - API rate limit exceeded (status code: 429). This is temporary and will reset automatically.
2026-07-15 19:01:52,346 - __main__ - WARNING - Error message: Too many requests from your IP address. We limit our service to 50 unique lookups per hour. Please wait 1 hour before making another request for your access to reset.
2026-07-15 19:01:52,346 - __main__ - INFO - Next run will occur in 1 hour due to updated schedule.
2026-07-15 20:53:27,404 - __main__ - INFO - Token value: 1234
2026-07-15 20:53:27,955 - __main__ - WARNING - API rate limit exceeded (status code: 429). This is temporary and will reset automatically.
2026-07-15 20:53:27,958 - __main__ - WARNING - Error message: Too many requests from your IP address. We limit our service to 50 unique lookups per hour. Please wait 1 hour before making another request for your access to reset.
2026-07-15 20:53:27,958 - __main__ - INFO - Next run will occur in 1 hour due to updated schedule.
2026-07-15 21:53:00,757 - __main__ - INFO - Token value: 1234
2026-07-15 21:53:01,210 - __main__ - WARNING - API rate limit exceeded (status code: 429). This is temporary and will reset automatically.
2026-07-15 21:53:01,211 - __main__ - WARNING - Error message: Too many requests from your IP address. We limit our service to 50 unique lookups per hour. Please wait 1 hour before making another request for your access to reset.
2026-07-15 21:53:01,211 - __main__ - INFO - Next run will occur in 1 hour due to updated schedule.
2026-07-15 22:53:32,569 - __main__ - INFO - Token value: 1234
2026-07-15 22:53:33,147 - __main__ - WARNING - API rate limit exceeded (status code: 429). This is temporary and will reset automatically.
2026-07-15 22:53:33,149 - __main__ - WARNING - Error message: Too many requests from your IP address. We limit our service to 50 unique lookups per hour. Please wait 1 hour before making another request for your access to reset.
2026-07-15 22:53:33,149 - __main__ - INFO - Next run will occur in 1 hour due to updated schedule.
2026-07-15 23:53:46,904 - __main__ - INFO - Token value: 1234
2026-07-15 23:53:47,731 - __main__ - WARNING - API rate limit exceeded (status code: 429). This is temporary and will reset automatically.
2026-07-15 23:53:47,733 - __main__ - WARNING - Error message: Too many requests from your IP address. We limit our service to 50 unique lookups per hour. Please wait 1 hour before making another request for your access to reset.
2026-07-15 23:53:47,733 - __main__ - INFO - Next run will occur in 1 hour due to updated schedule.
2026-07-16 02:03:31,383 - __main__ - INFO - Token value: 1234
2026-07-16 02:03:31,951 - __main__ - WARNING - API rate limit exceeded (status code: 429). This is temporary and will reset automatically.
2026-07-16 02:03:31,952 - __main__ - WARNING - Error message: Too many requests from your IP address. We limit our service to 50 unique lookups per hour. Please wait 1 hour before making another request for your access to reset.
2026-07-16 02:03:31,952 - __main__ - INFO - Next run will occur in 1 hour due to updated schedule.
2026-07-16 05:33:54,458 - __main__ - INFO - Token value: 1234
2026-07-16 05:33:55,134 - __main__ - WARNING - API rate limit exceeded (status code: 429). This is temporary and will reset automatically.
2026-07-16 05:33:55,136 - __main__ - WARNING - Error message: Too many requests from your IP address. We limit our service to 50 unique lookups per hour. Please wait 1 hour before making another request for your access to reset.
2026-07-16 05:33:55,136 - __main__ - INFO - Next run will occur in 1 hour due to updated schedule.
2026-07-16 08:02:05,955 - __main__ - INFO - Token value: 1234
2026-07-16 08:02:06,187 - __main__ - WARNING - API rate limit exceeded (status code: 429). This is temporary and will reset automatically.
2026-07-16 08:02:06,189 - __main__ - WARNING - Error message: Too many requests from your IP address. We limit our service to 50 unique lookups per hour. Please wait 1 hour before making another request for your access to reset.
2026-07-16 08:02:06,189 - __main__ - INFO - Next run will occur in 1 hour due to updated schedule.
2026-07-16 10:52:34,332 - __main__ - INFO - Token value: 1234
2026-07-16 10:52:34,475 - __main__ - WARNING - API rate limit exceeded (status code: 429). This is temporary and will reset automatically.
2026-07-16 10:52:34,477 - __main__ - WARNING - Error message: Too many requests from your IP address. We limit our service to 50 unique lookups per hour. Please wait 1 hour before making another request for your access to reset.
2026-07-16 10:52:34,477 - __main__ - INFO - Next run will occur in 1 hour due to updated schedule.
2026-07-16 12:16:29,789 - __main__ - INFO - Token value: 1234
2026-07-16 12:16:30,277 - __main__ - WARNING - API rate limit exceeded (status code: 429). This is temporary and will reset automatically.
2026-07-16 12:16:30,279 - __main__ - WARNING - Error message: Too many requests from your IP address. We limit our service to 50 unique lookups per hour. Please wait 1 hour before making another request for your access to reset.
2026-07-16 12:16:30,279 - __main__ - INFO - Next run will occur in 1 hour due to updated schedule.
2026-07-16 14:54:57,136 - __main__ - INFO - Token value: 1234
2026-07-16 14:54:57,611 - __main__ - WARNING - API rate limit exceeded (status code: 429). This is temporary and will reset automatically.
2026-07-16 14:54:57,613 - __main__ - WARNING - Error message: Too many requests from your IP address. We limit our service to 50 unique lookups per hour. Please wait 1 hour before making another request for your access to reset.
2026-07-16 14:54:57,613 - __main__ - INFO - Next run will occur in 1 hour due to updated schedule.
2026-07-16 16:12:58,226 - __main__ - INFO - Token value: 1234
2026-07-16 16:12:58,696 - __main__ - WARNING - API rate limit exceeded (status code: 429). This is temporary and will reset automatically.
2026-07-16 16:12:58,698 - __main__ - WARNING - Error message: Too many requests from your IP address. We limit our service to 50 unique lookups per hour. Please wait 1 hour before making another request for your access to reset.
2026-07-16 16:12:58,698 - __main__ - INFO - Next run will occur in 1 hour due to updated schedule.
2026-07-16 18:00:47,853 - __main__ - INFO - Token value: 1234
2026-07-16 18:00:48,132 - __main__ - WARNING - API rate limit exceeded (status code: 429). This is temporary and will reset automatically.
2026-07-16 18:00:48,134 - __main__ - WARNING - Error message: Too many requests from your IP address. We limit our service to 50 unique lookups per hour. Please wait 1 hour before making another request for your access to reset.
2026-07-16 18:00:48,134 - __main__ - INFO - Next run will occur in 1 hour due to updated schedule.
2026-07-16 19:57:56,633 - __main__ - INFO - Token value: 1234
2026-07-16 19:57:56,723 - __main__ - WARNING - API rate limit exceeded (status code: 429). This is temporary and will reset automatically.
2026-07-16 19:57:56,725 - __main__ - WARNING - Error message: Too many requests from your IP address. We limit our service to 50 unique lookups per hour. Please wait 1 hour before making another request for your access to reset.
2026-07-16 19:57:56,725 - __main__ - INFO - Next run will occur in 1 hour due to updated schedule.
2026-07-16 21:00:05,343 - __main__ - INFO - Token value: 1234
2026-07-16 21:00:05,620 - __main__ - WARNING - API rate limit exceeded (status code: 429). This is temporary and will reset automatically.
2026-07-16 21:00:05,622 - __main__ - WARNING - Error message: Too many requests from your IP address. We limit our service to 50 unique lookups per hour. Please wait 1 hour before making another request for your access to reset.
2026-07-16 21:00:05,622 - __main__ - INFO - Next run will occur in 1 hour due to updated schedule.
2026-07-16 22:09:10,763 - __main__ - INFO - Token value: 1234
2026-07-16 22:09:11,433 - __main__ - WARNING - API rate limit exceeded (status code: 429). This is temporary and will reset automatically.
2026-07-16 22:09:11,435 - __main__ - WARNING - Error message: Too many requests from your IP address. We limit our service to 50 unique lookups per hour. Please wait 1 hour before making another request for your access to reset.
2026-07-16 22:09:11,435 - __main__ - INFO - Next run will occur in 1 hour due to updated schedule.
2026-07-16 23:53:28,543 - __main__ - INFO - Token value: 1234
2026-07-16 23:53:28,737 - __main__ - WARNING - API rate limit exceeded (status code: 429). This is temporary and will reset automatically.
2026-07-16 23:53:28,739 - __main__ - WARNING - Error message: Too many requests from your IP address. We limit our service to 50 unique lookups per hour. Please wait 1 hour before making another request for your access to reset.
2026-07-16 23:53:28,739 - __main__ - INFO - Next run will occur in 1 hour due to updated schedule.
2026-07-17 02:06:28,566 - __main__ - INFO - Token value: 1234
2026-07-17 02:06:28,638 - __main__ - WARNING - API rate limit exceeded (status code: 429). This is temporary and will reset automatically.
2026-07-17 02:06:28,640 - __main__ - WARNING - Error message: Too many requests from your IP address. We limit our service to 50 unique lookups per hour. Please wait 1 hour before making another request for your access to reset.
2026-07-17 02:06:28,640 - __main__ - INFO - Next run will occur in 1 hour due to updated schedule.
2026-07-17 05:35:25,383 - __main__ - INFO - Token value: 1234
2026-07-17 05:35:25,921 - __main__ - WARNING - API rate limit exceeded (status code: 429). This is temporary and will reset automatically.
2026-07-17 05:35:25,922 - __main__ - WARNING - Error message: Too many requests from your IP address. We limit our service to 50 unique lookups per hour. Please wait 1 hour before making another request for your access to reset.
2026-07-17 05:35:25,922 - __main__ - INFO - Next run will occur in 1 hour due to updated schedule.
2026-07-17 07:59:25,900 - __main__ - INFO - Token value: 1234
2026-07-17 07:59:26,216 - __main__ - WARNING - API rate limit exceeded (status code: 429). This is temporary and will reset automatically.
2026-07-17 07:59:26,217 - __main__ - WARNING - Error message: Too many requests from your IP address. We limit our service to 50 unique lookups per hour. Please wait 1 hour before making another request for your access to reset.
2026-07-17 07:59:26,218 - __main__ - INFO - Next run will occur in 1 hour due to updated schedule.
2026-07-17 10:03:29,919 - __main__ - INFO - Token value: 1234
2026-07-17 10:03:30,189 - __main__ - WARNING - API rate limit exceeded (status code: 429). This is temporary and will reset automatically.
2026-07-17 10:03:30,191 - __main__ - WARNING - Error message: Too many requests from your IP address. We limit our service to 50 unique lookups per hour. Please wait 1 hour before making another request for your access to reset.
2026-07-17 10:03:30,191 - __main__ - INFO - Next run will occur in 1 hour due to updated schedule.
2026-07-17 12:03:52,355 - __main__ - INFO - Token value: 1234
2026-07-17 12:03:52,790 - __main__ - WARNING - API rate limit exceeded (status code: 429). This is temporary and will reset automatically.
2026-07-17 12:03:52,792 - __main__ - WARNING - Error message: Too many requests from your IP address. We limit our service to 50 unique lookups per hour. Please wait 1 hour before making another request for your access to reset.
2026-07-17 12:03:52,792 - __main__ - INFO - Next run will occur in 1 hour due to updated schedule.
2026-07-17 14:27:32,887 - __main__ - INFO - Token value: 1234
2026-07-17 14:27:33,376 - __main__ - WARNING - API rate limit exceeded (status code: 429). This is temporary and will reset automatically.
2026-07-17 14:27:33,378 - __main__ - WARNING - Error message: Too many requests from your IP address. We limit our service to 50 unique lookups per hour. Please wait 1 hour before making another request for your access to reset.
2026-07-17 14:27:33,378 - __main__ - INFO - Next run will occur in 1 hour due to updated schedule.
2026-07-17 16:09:30,669 - __main__ - INFO - Token value: 1234
2026-07-17 16:09:30,742 - __main__ - WARNING - API rate limit exceeded (status code: 429). This is temporary and will reset automatically.
2026-07-17 16:09:30,744 - __main__ - WARNING - Error message: Too many requests from your IP address. We limit our service to 50 unique lookups per hour. Please wait 1 hour before making another request for your access to reset.
2026-07-17 16:09:30,744 - __main__ - INFO - Next run will occur in 1 hour due to updated schedule.
2026-07-17 17:59:08,211 - __main__ - INFO - Token value: 1234
2026-07-17 17:59:08,558 - __main__ - WARNING - API rate limit exceeded (status code: 429). This is temporary and will reset automatically.
2026-07-17 17:59:08,560 - __main__ - WARNING - Error message: Too many requests from your IP address. We limit our service to 50 unique lookups per hour. Please wait 1 hour before making another request for your access to reset.
2026-07-17 17:59:08,560 - __main__ - INFO - Next run will occur in 1 hour due to updated schedule.
2026-07-17 19:16:55,142 - __main__ - INFO - Token value: 1234
2026-07-17 19:16:55,790 - __main__ - WARNING - API rate limit exceeded (status code: 429). This is temporary and will reset automatically.
2026-07-17 19:16:55,791 - __main__ - WARNING - Error message: Too many requests from your IP address. We limit our service to 50 unique lookups per hour. Please wait 1 hour before making another request for your access to reset.
2026-07-17 19:16:55,791 - __main__ - INFO - Next run will occur in 1 hour due to updated schedule.
2026-07-17 20:47:05,300 - __main__ - INFO - Token value: 1234
2026-07-17 20:47:05,967 - __main__ - WARNING - API rate limit exceeded (status code: 429). This is temporary and will reset automatically.
2026-07-17 20:47:05,969 - __main__ - WARNING - Error message: Too many requests from your IP address. We limit our service to 50 unique lookups per hour. Please wait 1 hour before making another request for your access to reset.
2026-07-17 20:47:05,969 - __main__ - INFO - Next run will occur in 1 hour due to updated schedule.
2026-07-17 21:45:10,526 - __main__ - INFO - Token value: 1234
2026-07-17 21:45:11,024 - __main__ - WARNING - API rate limit exceeded (status code: 429). This is temporary and will reset automatically.
2026-07-17 21:45:11,026 - __main__ - WARNING - Error message: Too many requests from your IP address. We limit our service to 50 unique lookups per hour. Please wait 1 hour before making another request for your access to reset.
2026-07-17 21:45:11,026 - __main__ - INFO - Next run will occur in 1 hour due to updated schedule.
2026-07-17 22:42:15,123 - __main__ - INFO - Token value: 1234
2026-07-17 22:42:15,557 - __main__ - WARNING - API rate limit exceeded (status code: 429). This is temporary and will reset automatically.
2026-07-17 22:42:15,559 - __main__ - WARNING - Error message: Too many requests from your IP address. We limit our service to 50 unique lookups per hour. Please wait 1 hour before making another request for your access to reset.
2026-07-17 22:42:15,559 - __main__ - INFO - Next run will occur in 1 hour due to updated schedule.
2026-07-17 23:46:30,747 - __main__ - INFO - Token value: 1234
2026-07-17 23:46:30,973 - __main__ - WARNING - API rate limit exceeded (status code: 429). This is temporary and will reset automatically.
2026-07-17 23:46:30,975 - __main__ - WARNING - Error message: Too many requests from your IP address. We limit our service to 50 unique lookups per hour. Please wait 1 hour before making another request for your access to reset.
2026-07-17 23:46:30,975 - __main__ - INFO - Next run will occur in 1 hour due to updated schedule.
2026-07-18 01:55:47,769 - __main__ - INFO - Token value: 1234
2026-07-18 01:55:48,227 - __main__ - WARNING - API rate limit exceeded (status code: 429). This is temporary and will reset automatically.
2026-07-18 01:55:48,229 - __main__ - WARNING - Error message: Too many requests from your IP address. We limit our service to 50 unique lookups per hour. Please wait 1 hour before making another request for your access to reset.
2026-07-18 01:55:48,229 - __main__ - INFO - Next run will occur in 1 hour due to updated schedule.
2026-07-18 04:45:32,484 - __main__ - INFO - Token value: 1234
2026-07-18 04:45:33,293 - __main__ - WARNING - API rate limit exceeded (status code: 429). This is temporary and will reset automatically.
2026-07-18 04:45:33,295 - __main__ - WARNING - Error message: Too many requests from your IP address. We limit our service to 50 unique lookups per hour. Please wait 1 hour before making another request for your access to reset.
2026-07-18 04:45:33,295 - __main__ - INFO - Next run will occur in 1 hour due to updated schedule.
2026-07-18 06:56:58,163 - __main__ - INFO - Token value: 1234
2026-07-18 06:56:58,731 - __main__ - WARNING - API rate limit exceeded (status code: 429). This is temporary and will reset automatically.
2026-07-18 06:56:58,734 - __main__ - WARNING - Error message: Too many requests from your IP address. We limit our service to 50 unique lookups per hour. Please wait 1 hour before making another request for your access to reset.
2026-07-18 06:56:58,734 - __main__ - INFO - Next run will occur in 1 hour due to updated schedule.
2026-07-18 08:47:19,756 - __main__ - INFO - Token value: 1234
2026-07-18 08:47:20,566 - __main__ - WARNING - API rate limit exceeded (status code: 429). This is temporary and will reset automatically.
2026-07-18 08:47:20,568 - __main__ - WARNING - Error message: Too many requests from your IP address. We limit our service to 50 unique lookups per hour. Please wait 1 hour before making another request for your access to reset.
2026-07-18 08:47:20,568 - __main__ - INFO - Next run will occur in 1 hour due to updated schedule.
2026-07-18 10:13:57,999 - __main__ - INFO - Token value: 1234
2026-07-18 10:13:58,465 - __main__ - WARNING - API rate limit exceeded (status code: 429). This is temporary and will reset automatically.
2026-07-18 10:13:58,467 - __main__ - WARNING - Error message: Too many requests from your IP address. We limit our service to 50 unique lookups per hour. Please wait 1 hour before making another request for your access to reset.
2026-07-18 10:13:58,467 - __main__ - INFO - Next run will occur in 1 hour due to updated schedule.
2026-07-18 11:49:20,059 - __main__ - INFO - Token value: 1234
2026-07-18 11:49:20,503 - __main__ - WARNING - API rate limit exceeded (status code: 429). This is temporary and will reset automatically.
2026-07-18 11:49:20,505 - __main__ - WARNING - Error message: Too many requests from your IP address. We limit our service to 50 unique lookups per hour. Please wait 1 hour before making another request for your access to reset.
2026-07-18 11:49:20,505 - __main__ - INFO - Next run will occur in 1 hour due to updated schedule.
2026-07-18 13:01:39,279 - __main__ - INFO - Token value: 1234
2026-07-18 13:01:39,892 - __main__ - WARNING - API rate limit exceeded (status code: 429). This is temporary and will reset automatically.
2026-07-18 13:01:39,894 - __main__ - WARNING - Error message: Too many requests from your IP address. We limit our service to 50 unique lookups per hour. Please wait 1 hour before making another request for your access to reset.
2026-07-18 13:01:39,894 - __main__ - INFO - Next run will occur in 1 hour due to updated schedule.
2026-07-18 14:45:32,869 - __main__ - INFO - Token value: 1234
2026-07-18 14:45:33,466 - __main__ - WARNING - API rate limit exceeded (status code: 429). This is temporary and will reset automatically.
2026-07-18 14:45:33,468 - __main__ - WARNING - Error message: Too many requests from your IP address. We limit our service to 50 unique lookups per hour. Please wait 1 hour before making another request for your access to reset.
2026-07-18 14:45:33,468 - __main__ - INFO - Next run will occur in 1 hour due to updated schedule.
2026-07-18 15:50:15,702 - __main__ - INFO - Token value: 1234
2026-07-18 15:50:15,966 - __main__ - WARNING - API rate limit exceeded (status code: 429). This is temporary and will reset automatically.
2026-07-18 15:50:15,968 - __main__ - WARNING - Error message: Too many requests from your IP address. We limit our service to 50 unique lookups per hour. Please wait 1 hour before making another request for your access to reset.
2026-07-18 15:50:15,968 - __main__ - INFO - Next run will occur in 1 hour due to updated schedule.
2026-07-18 16:50:31,064 - __main__ - INFO - Token value: 1234
2026-07-18 16:50:31,438 - __main__ - WARNING - API rate limit exceeded (status code: 429). This is temporary and will reset automatically.
2026-07-18 16:50:31,440 - __main__ - WARNING - Error message: Too many requests from your IP address. We limit our service to 50 unique lookups per hour. Please wait 1 hour before making another request for your access to reset.
2026-07-18 16:50:31,440 - __main__ - INFO - Next run will occur in 1 hour due to updated schedule.
2026-07-18 17:51:31,281 - __main__ - INFO - Token value: 1234
2026-07-18 17:51:31,541 - __main__ - WARNING - API rate limit exceeded (status code: 429). This is temporary and will reset automatically.
2026-07-18 17:51:31,542 - __main__ - WARNING - Error message: Too many requests from your IP address. We limit our service to 50 unique lookups per hour. Please wait 1 hour before making another request for your access to reset.
2026-07-18 17:51:31,542 - __main__ - INFO - Next run will occur in 1 hour due to updated schedule.
2026-07-18 18:54:23,087 - __main__ - INFO - Token value: 1234
2026-07-18 18:54:23,838 - __main__ - WARNING - API rate limit exceeded (status code: 429). This is temporary and will reset automatically.
2026-07-18 18:54:23,839 - __main__ - WARNING - Error message: Too many requests from your IP address. We limit our service to 50 unique lookups per hour. Please wait 1 hour before making another request for your access to reset.
2026-07-18 18:54:23,839 - __main__ - INFO - Next run will occur in 1 hour due to updated schedule.
2026-07-18 20:01:31,954 - __main__ - INFO - Token value: 1234
2026-07-18 20:01:32,036 - __main__ - WARNING - API rate limit exceeded (status code: 429). This is temporary and will reset automatically.
2026-07-18 20:01:32,038 - __main__ - WARNING - Error message: Too many requests from your IP address. We limit our service to 50 unique lookups per hour. Please wait 1 hour before making another request for your access to reset.
2026-07-18 20:01:32,038 - __main__ - INFO - Next run will occur in 1 hour due to updated schedule.
2026-07-18 21:43:42,791 - __main__ - INFO - Token value: 1234
2026-07-18 21:43:43,476 - __main__ - WARNING - API rate limit exceeded (status code: 429). This is temporary and will reset automatically.
2026-07-18 21:43:43,478 - __main__ - WARNING - Error message: Too many requests from your IP address. We limit our service to 50 unique lookups per hour. Please wait 1 hour before making another request for your access to reset.
2026-07-18 21:43:43,478 - __main__ - INFO - Next run will occur in 1 hour due to updated schedule.
2026-07-18 22:42:10,676 - __main__ - INFO - Token value: 1234
2026-07-18 22:42:11,350 - __main__ - WARNING - API rate limit exceeded (status code: 429). This is temporary and will reset automatically.
2026-07-18 22:42:11,352 - __main__ - WARNING - Error message: Too many requests from your IP address. We limit our service to 50 unique lookups per hour. Please wait 1 hour before making another request for your access to reset.
2026-07-18 22:42:11,352 - __main__ - INFO - Next run will occur in 1 hour due to updated schedule.
2026-07-18 23:47:11,938 - __main__ - INFO - Token value: 1234
2026-07-18 23:47:12,475 - __main__ - WARNING - API rate limit exceeded (status code: 429). This is temporary and will reset automatically.
2026-07-18 23:47:12,477 - __main__ - WARNING - Error message: Too many requests from your IP address. We limit our service to 50 unique lookups per hour. Please wait 1 hour before making another request for your access to reset.
2026-07-18 23:47:12,477 - __main__ - INFO - Next run will occur in 1 hour due to updated schedule.
2026-07-19 02:07:00,054 - __main__ - INFO - Token value: 1234
2026-07-19 02:07:00,142 - __main__ - WARNING - API rate limit exceeded (status code: 429). This is temporary and will reset automatically.
2026-07-19 02:07:00,145 - __main__ - WARNING - Error message: Too many requests from your IP address. We limit our service to 50 unique lookups per hour. Please wait 1 hour before making another request for your access to reset.
2026-07-19 02:07:00,145 - __main__ - INFO - Next run will occur in 1 hour due to updated schedule.
2026-07-19 05:44:55,508 - __main__ - INFO - Token value: 1234
2026-07-19 05:44:55,710 - __main__ - WARNING - API rate limit exceeded (status code: 429). This is temporary and will reset automatically.
2026-07-19 05:44:55,712 - __main__ - WARNING - Error message: Too many requests from your IP address. We limit our service to 50 unique lookups per hour. Please wait 1 hour before making another request for your access to reset.
2026-07-19 05:44:55,712 - __main__ - INFO - Next run will occur in 1 hour due to updated schedule.
2026-07-19 08:06:29,761 - __main__ - INFO - Token value: 1234
2026-07-19 08:06:29,994 - __main__ - WARNING - API rate limit exceeded (status code: 429). This is temporary and will reset automatically.
2026-07-19 08:06:29,996 - __main__ - WARNING - Error message: Too many requests from your IP address. We limit our service to 50 unique lookups per hour. Please wait 1 hour before making another request for your access to reset.
2026-07-19 08:06:29,996 - __main__ - INFO - Next run will occur in 1 hour due to updated schedule.
2026-07-19 10:21:37,086 - __main__ - INFO - Token value: 1234
2026-07-19 10:21:37,687 - __main__ - WARNING - API rate limit exceeded (status code: 429). This is temporary and will reset automatically.
2026-07-19 10:21:37,689 - __main__ - WARNING - Error message: Too many requests from your IP address. We limit our service to 50 unique lookups per hour. Please wait 1 hour before making another request for your access to reset.
2026-07-19 10:21:37,689 - __main__ - INFO - Next run will occur in 1 hour due to updated schedule.
2026-07-19 11:51:29,781 - __main__ - INFO - Token value: 1234
2026-07-19 11:51:29,981 - __main__ - WARNING - API rate limit exceeded (status code: 429). This is temporary and will reset automatically.
2026-07-19 11:51:29,983 - __main__ - WARNING - Error message: Too many requests from your IP address. We limit our service to 50 unique lookups per hour. Please wait 1 hour before making another request for your access to reset.
2026-07-19 11:51:29,983 - __main__ - INFO - Next run will occur in 1 hour due to updated schedule.
2026-07-19 13:03:30,744 - __main__ - INFO - Token value: 1234
2026-07-19 13:03:30,968 - __main__ - WARNING - API rate limit exceeded (status code: 429). This is temporary and will reset automatically.
2026-07-19 13:03:30,970 - __main__ - WARNING - Error message: Too many requests from your IP address. We limit our service to 50 unique lookups per hour. Please wait 1 hour before making another request for your access to reset.
2026-07-19 13:03:30,970 - __main__ - INFO - Next run will occur in 1 hour due to updated schedule.
2026-07-19 14:49:21,055 - __main__ - INFO - Token value: 1234
2026-07-19 14:49:21,413 - __main__ - WARNING - API rate limit exceeded (status code: 429). This is temporary and will reset automatically.
2026-07-19 14:49:21,415 - __main__ - WARNING - Error message: Too many requests from your IP address. We limit our service to 50 unique lookups per hour. Please wait 1 hour before making another request for your access to reset.
2026-07-19 14:49:21,415 - __main__ - INFO - Next run will occur in 1 hour due to updated schedule.
2026-07-19 15:51:50,034 - __main__ - INFO - Token value: 1234
2026-07-19 15:51:50,111 - __main__ - WARNING - API rate limit exceeded (status code: 429). This is temporary and will reset automatically.
2026-07-19 15:51:50,113 - __main__ - WARNING - Error message: Too many requests from your IP address. We limit our service to 50 unique lookups per hour. Please wait 1 hour before making another request for your access to reset.
2026-07-19 15:51:50,113 - __main__ - INFO - Next run will occur in 1 hour due to updated schedule.
2026-07-19 16:51:22,827 - __main__ - INFO - Token value: 1234
2026-07-19 16:51:23,544 - __main__ - WARNING - API rate limit exceeded (status code: 429). This is temporary and will reset automatically.
2026-07-19 16:51:23,546 - __main__ - WARNING - Error message: Too many requests from your IP address. We limit our service to 50 unique lookups per hour. Please wait 1 hour before making another request for your access to reset.
2026-07-19 16:51:23,546 - __main__ - INFO - Next run will occur in 1 hour due to updated schedule.
2026-07-19 17:53:09,606 - __main__ - INFO - Token value: 1234
2026-07-19 17:53:09,965 - __main__ - WARNING - API rate limit exceeded (status code: 429). This is temporary and will reset automatically.
2026-07-19 17:53:09,967 - __main__ - WARNING - Error message: Too many requests from your IP address. We limit our service to 50 unique lookups per hour. Please wait 1 hour before making another request for your access to reset.
2026-07-19 17:53:09,967 - __main__ - INFO - Next run will occur in 1 hour due to updated schedule.
2026-07-19 18:57:19,570 - __main__ - INFO - Token value: 1234
2026-07-19 18:57:19,933 - __main__ - WARNING - API rate limit exceeded (status code: 429). This is temporary and will reset automatically.
2026-07-19 18:57:19,934 - __main__ - WARNING - Error message: Too many requests from your IP address. We limit our service to 50 unique lookups per hour. Please wait 1 hour before making another request for your access to reset.
2026-07-19 18:57:19,934 - __main__ - INFO - Next run will occur in 1 hour due to updated schedule.
2026-07-19 20:06:34,145 - __main__ - INFO - Token value: 1234
2026-07-19 20:06:34,652 - __main__ - WARNING - API rate limit exceeded (status code: 429). This is temporary and will reset automatically.
2026-07-19 20:06:34,654 - __main__ - WARNING - Error message: Too many requests from your IP address. We limit our service to 50 unique lookups per hour. Please wait 1 hour before making another request for your access to reset.
2026-07-19 20:06:34,654 - __main__ - INFO - Next run will occur in 1 hour due to updated schedule.
2026-07-19 21:44:23,752 - __main__ - INFO - Token value: 1234
2026-07-19 21:44:24,024 - __main__ - WARNING - API rate limit exceeded (status code: 429). This is temporary and will reset automatically.
2026-07-19 21:44:24,026 - __main__ - WARNING - Error message: Too many requests from your IP address. We limit our service to 50 unique lookups per hour. Please wait 1 hour before making another request for your access to reset.
2026-07-19 21:44:24,026 - __main__ - INFO - Next run will occur in 1 hour due to updated schedule.
2026-07-19 22:44:04,492 - __main__ - INFO - Token value: 1234
2026-07-19 22:44:04,828 - __main__ - WARNING - API rate limit exceeded (status code: 429). This is temporary and will reset automatically.
2026-07-19 22:44:04,830 - __main__ - WARNING - Error message: Too many requests from your IP address. We limit our service to 50 unique lookups per hour. Please wait 1 hour before making another request for your access to reset.
2026-07-19 22:44:04,830 - __main__ - INFO - Next run will occur in 1 hour due to updated schedule.
2026-07-19 23:51:54,855 - __main__ - INFO - Token value: 1234
2026-07-19 23:51:55,172 - __main__ - WARNING - API rate limit exceeded (status code: 429). This is temporary and will reset automatically.
2026-07-19 23:51:55,174 - __main__ - WARNING - Error message: Too many requests from your IP address. We limit our service to 50 unique lookups per hour. Please wait 1 hour before making another request for your access to reset.
2026-07-19 23:51:55,174 - __main__ - INFO - Next run will occur in 1 hour due to updated schedule.
2026-07-20 02:27:11,373 - __main__ - INFO - Token value: 1234
2026-07-20 02:27:11,812 - __main__ - WARNING - API rate limit exceeded (status code: 429). This is temporary and will reset automatically.
2026-07-20 02:27:11,814 - __main__ - WARNING - Error message: Too many requests from your IP address. We limit our service to 50 unique lookups per hour. Please wait 1 hour before making another request for your access to reset.
2026-07-20 02:27:11,814 - __main__ - INFO - Next run will occur in 1 hour due to updated schedule.
2026-07-20 06:11:36,462 - __main__ - INFO - Token value: 1234
2026-07-20 06:11:37,004 - __main__ - WARNING - API rate limit exceeded (status code: 429). This is temporary and will reset automatically.
2026-07-20 06:11:37,006 - __main__ - WARNING - Error message: Too many requests from your IP address. We limit our service to 50 unique lookups per hour. Please wait 1 hour before making another request for your access to reset.
2026-07-20 06:11:37,006 - __main__ - INFO - Next run will occur in 1 hour due to updated schedule.
2026-07-20 09:53:38,888 - __main__ - INFO - Token value: 1234
2026-07-20 09:53:39,528 - __main__ - WARNING - API rate limit exceeded (status code: 429). This is temporary and will reset automatically.
2026-07-20 09:53:39,530 - __main__ - WARNING - Error message: Too many requests from your IP address. We limit our service to 50 unique lookups per hour. Please wait 1 hour before making another request for your access to reset.
2026-07-20 09:53:39,530 - __main__ - INFO - Next run will occur in 1 hour due to updated schedule.
2026-07-20 12:11:59,353 - __main__ - INFO - Token value: 1234
2026-07-20 12:11:59,831 - __main__ - WARNING - API rate limit exceeded (status code: 429). This is temporary and will reset automatically.
2026-07-20 12:11:59,833 - __main__ - WARNING - Error message: Too many requests from your IP address. We limit our service to 50 unique lookups per hour. Please wait 1 hour before making another request for your access to reset.
2026-07-20 12:11:59,833 - __main__ - INFO - Next run will occur in 1 hour due to updated schedule.
2026-07-20 15:05:38,715 - __main__ - INFO - Token value: 1234
2026-07-20 15:05:39,163 - __main__ - WARNING - API rate limit exceeded (status code: 429). This is temporary and will reset automatically.
2026-07-20 15:05:39,164 - __main__ - WARNING - Error message: Too many requests from your IP address. We limit our service to 50 unique lookups per hour. Please wait 1 hour before making another request for your access to reset.
2026-07-20 15:05:39,164 - __main__ - INFO - Next run will occur in 1 hour due to updated schedule.
2026-07-20 17:54:34,217 - __main__ - INFO - Token value: 1234
2026-07-20 17:54:34,834 - __main__ - WARNING - API rate limit exceeded (status code: 429). This is temporary and will reset automatically.
2026-07-20 17:54:34,836 - __main__ - WARNING - Error message: Too many requests from your IP address. We limit our service to 50 unique lookups per hour. Please wait 1 hour before making another request for your access to reset.
2026-07-20 17:54:34,836 - __main__ - INFO - Next run will occur in 1 hour due to updated schedule.
2026-07-20 19:36:35,076 - __main__ - INFO - Token value: 1234
2026-07-20 19:36:35,384 - __main__ - WARNING - API rate limit exceeded (status code: 429). This is temporary and will reset automatically.
2026-07-20 19:36:35,385 - __main__ - WARNING - Error message: Too many requests from your IP address. We limit our service to 50 unique lookups per hour. Please wait 1 hour before making another request for your access to reset.
2026-07-20 19:36:35,385 - __main__ - INFO - Next run will occur in 1 hour due to updated schedule.
2026-07-20 21:05:22,633 - __main__ - INFO - Token value: 1234
2026-07-20 21:05:23,111 - __main__ - WARNING - API rate limit exceeded (status code: 429). This is temporary and will reset automatically.
2026-07-20 21:05:23,113 - __main__ - WARNING - Error message: Too many requests from your IP address. We limit our service to 50 unique lookups per hour. Please wait 1 hour before making another request for your access to reset.
2026-07-20 21:05:23,113 - __main__ - INFO - Next run will occur in 1 hour due to updated schedule.
2026-07-20 22:53:20,814 - __main__ - INFO - Token value: 1234
2026-07-20 22:53:21,361 - __main__ - WARNING - API rate limit exceeded (status code: 429). This is temporary and will reset automatically.
2026-07-20 22:53:21,363 - __main__ - WARNING - Error message: Too many requests from your IP address. We limit our service to 50 unique lookups per hour. Please wait 1 hour before making another request for your access to reset.
2026-07-20 22:53:21,363 - __main__ - INFO - Next run will occur in 1 hour due to updated schedule.
2026-07-20 23:51:57,700 - __main__ - INFO - Token value: 1234
2026-07-20 23:51:57,784 - __main__ - WARNING - API rate limit exceeded (status code: 429). This is temporary and will reset automatically.
2026-07-20 23:51:57,787 - __main__ - WARNING - Error message: Too many requests from your IP address. We limit our service to 50 unique lookups per hour. Please wait 1 hour before making another request for your access to reset.
2026-07-20 23:51:57,787 - __main__ - INFO - Next run will occur in 1 hour due to updated schedule.
2026-07-21 02:05:49,917 - __main__ - INFO - Token value: 1234
2026-07-21 02:05:50,662 - __main__ - WARNING - API rate limit exceeded (status code: 429). This is temporary and will reset automatically.
2026-07-21 02:05:50,664 - __main__ - WARNING - Error message: Too many requests from your IP address. We limit our service to 50 unique lookups per hour. Please wait 1 hour before making another request for your access to reset.
2026-07-21 02:05:50,664 - __main__ - INFO - Next run will occur in 1 hour due to updated schedule.
2026-07-21 05:43:38,034 - __main__ - INFO - Token value: 1234
2026-07-21 05:43:38,296 - __main__ - WARNING - API rate limit exceeded (status code: 429). This is temporary and will reset automatically.
2026-07-21 05:43:38,298 - __main__ - WARNING - Error message: Too many requests from your IP address. We limit our service to 50 unique lookups per hour. Please wait 1 hour before making another request for your access to reset.
2026-07-21 05:43:38,298 - __main__ - INFO - Next run will occur in 1 hour due to updated schedule.
2026-07-21 08:15:03,953 - __main__ - INFO - Token value: 1234
2026-07-21 08:15:04,202 - __main__ - WARNING - API rate limit exceeded (status code: 429). This is temporary and will reset automatically.
2026-07-21 08:15:04,204 - __main__ - WARNING - Error message: Too many requests from your IP address. We limit our service to 50 unique lookups per hour. Please wait 1 hour before making another request for your access to reset.
2026-07-21 08:15:04,204 - __main__ - INFO - Next run will occur in 1 hour due to updated schedule.
2026-07-21 11:01:39,024 - __main__ - INFO - Token value: 1234
2026-07-21 11:01:39,385 - __main__ - WARNING - API rate limit exceeded (status code: 429). This is temporary and will reset automatically.
2026-07-21 11:01:39,387 - __main__ - WARNING - Error message: Too many requests from your IP address. We limit our service to 50 unique lookups per hour. Please wait 1 hour before making another request for your access to reset.
2026-07-21 11:01:39,387 - __main__ - INFO - Next run will occur in 1 hour due to updated schedule.
2026-07-21 13:24:59,311 - __main__ - INFO - Token value: 1234
2026-07-21 13:24:59,812 - __main__ - WARNING - API rate limit exceeded (status code: 429). This is temporary and will reset automatically.
2026-07-21 13:24:59,814 - __main__ - WARNING - Error message: Too many requests from your IP address. We limit our service to 50 unique lookups per hour. Please wait 1 hour before making another request for your access to reset.
2026-07-21 13:24:59,814 - __main__ - INFO - Next run will occur in 1 hour due to updated schedule.
2026-07-21 15:38:07,208 - __main__ - INFO - Token value: 1234
2026-07-21 15:38:07,728 - __main__ - WARNING - API rate limit exceeded (status code: 429). This is temporary and will reset automatically.
2026-07-21 15:38:07,729 - __main__ - WARNING - Error message: Too many requests from your IP address. We limit our service to 50 unique lookups per hour. Please wait 1 hour before making another request for your access to reset.
2026-07-21 15:38:07,729 - __main__ - INFO - Next run will occur in 1 hour due to updated schedule.
2026-07-21 17:10:23,823 - __main__ - INFO - Token value: 1234
2026-07-21 17:10:24,052 - __main__ - WARNING - API rate limit exceeded (status code: 429). This is temporary and will reset automatically.
2026-07-21 17:10:24,054 - __main__ - WARNING - Error message: Too many requests from your IP address. We limit our service to 50 unique lookups per hour. Please wait 1 hour before making another request for your access to reset.
2026-07-21 17:10:24,054 - __main__ - INFO - Next run will occur in 1 hour due to updated schedule.
2026-07-21 19:10:27,129 - __main__ - INFO - Token value: 1234
2026-07-21 19:10:27,279 - __main__ - WARNING - API rate limit exceeded (status code: 429). This is temporary and will reset automatically.
2026-07-21 19:10:27,281 - __main__ - WARNING - Error message: Too many requests from your IP address. We limit our service to 50 unique lookups per hour. Please wait 1 hour before making another request for your access to reset.
2026-07-21 19:10:27,281 - __main__ - INFO - Next run will occur in 1 hour due to updated schedule.
2026-07-21 21:00:47,365 - __main__ - INFO - Token value: 1234
2026-07-21 21:00:47,812 - __main__ - WARNING - API rate limit exceeded (status code: 429). This is temporary and will reset automatically.
2026-07-21 21:00:47,813 - __main__ - WARNING - Error message: Too many requests from your IP address. We limit our service to 50 unique lookups per hour. Please wait 1 hour before making another request for your access to reset.
2026-07-21 21:00:47,813 - __main__ - INFO - Next run will occur in 1 hour due to updated schedule.
2026-07-21 22:49:24,738 - __main__ - INFO - Token value: 1234
2026-07-21 22:49:25,587 - __main__ - WARNING - API rate limit exceeded (status code: 429). This is temporary and will reset automatically.
2026-07-21 22:49:25,589 - __main__ - WARNING - Error message: Too many requests from your IP address. We limit our service to 50 unique lookups per hour. Please wait 1 hour before making another request for your access to reset.
2026-07-21 22:49:25,589 - __main__ - INFO - Next run will occur in 1 hour due to updated schedule.
2026-07-21 23:51:43,509 - __main__ - INFO - Token value: 1234
2026-07-21 23:51:43,651 - __main__ - WARNING - API rate limit exceeded (status code: 429). This is temporary and will reset automatically.
2026-07-21 23:51:43,653 - __main__ - WARNING - Error message: Too many requests from your IP address. We limit our service to 50 unique lookups per hour. Please wait 1 hour before making another request for your access to reset.
2026-07-21 23:51:43,653 - __main__ - INFO - Next run will occur in 1 hour due to updated schedule.
2026-07-22 02:04:12,849 - __main__ - INFO - Token value: 1234
2026-07-22 02:04:12,931 - __main__ - WARNING - API rate limit exceeded (status code: 429). This is temporary and will reset automatically.
2026-07-22 02:04:12,933 - __main__ - WARNING - Error message: Too many requests from your IP address. We limit our service to 50 unique lookups per hour. Please wait 1 hour before making another request for your access to reset.
2026-07-22 02:04:12,933 - __main__ - INFO - Next run will occur in 1 hour due to updated schedule.
2026-07-22 05:42:43,104 - __main__ - INFO - Token value: 1234
2026-07-22 05:42:43,346 - __main__ - WARNING - API rate limit exceeded (status code: 429). This is temporary and will reset automatically.
2026-07-22 05:42:43,348 - __main__ - WARNING - Error message: Too many requests from your IP address. We limit our service to 50 unique lookups per hour. Please wait 1 hour before making another request for your access to reset.
2026-07-22 05:42:43,348 - __main__ - INFO - Next run will occur in 1 hour due to updated schedule.
2026-07-22 08:15:50,463 - __main__ - INFO - Token value: 1234
2026-07-22 08:15:50,662 - __main__ - WARNING - API rate limit exceeded (status code: 429). This is temporary and will reset automatically.
2026-07-22 08:15:50,665 - __main__ - WARNING - Error message: Too many requests from your IP address. We limit our service to 50 unique lookups per hour. Please wait 1 hour before making another request for your access to reset.
2026-07-22 08:15:50,665 - __main__ - INFO - Next run will occur in 1 hour due to updated schedule.
2026-07-22 11:02:30,183 - __main__ - INFO - Token value: 1234
2026-07-22 11:02:30,867 - __main__ - WARNING - API rate limit exceeded (status code: 429). This is temporary and will reset automatically.
2026-07-22 11:02:30,869 - __main__ - WARNING - Error message: Too many requests from your IP address. We limit our service to 50 unique lookups per hour. Please wait 1 hour before making another request for your access to reset.
2026-07-22 11:02:30,869 - __main__ - INFO - Next run will occur in 1 hour due to updated schedule.
2026-07-22 13:29:02,809 - __main__ - INFO - Token value: 1234
2026-07-22 13:29:03,209 - __main__ - WARNING - API rate limit exceeded (status code: 429). This is temporary and will reset automatically.
2026-07-22 13:29:03,211 - __main__ - WARNING - Error message: Too many requests from your IP address. We limit our service to 50 unique lookups per hour. Please wait 1 hour before making another request for your access to reset.
2026-07-22 13:29:03,211 - __main__ - INFO - Next run will occur in 1 hour due to updated schedule.
2026-07-22 15:27:28,466 - __main__ - INFO - Token value: 1234
2026-07-22 15:27:28,905 - __main__ - WARNING - API rate limit exceeded (status code: 429). This is temporary and will reset automatically.
2026-07-22 15:27:28,906 - __main__ - WARNING - Error message: Too many requests from your IP address. We limit our service to 50 unique lookups per hour. Please wait 1 hour before making another request for your access to reset.
2026-07-22 15:27:28,906 - __main__ - INFO - Next run will occur in 1 hour due to updated schedule.
2026-07-22 17:10:33,098 - __main__ - INFO - Token value: 1234
2026-07-22 17:10:33,393 - __main__ - WARNING - API rate limit exceeded (status code: 429). This is temporary and will reset automatically.
2026-07-22 17:10:33,394 - __main__ - WARNING - Error message: Too many requests from your IP address. We limit our service to 50 unique lookups per hour. Please wait 1 hour before making another request for your access to reset.
2026-07-22 17:10:33,394 - __main__ - INFO - Next run will occur in 1 hour due to updated schedule.
2026-07-22 19:04:21,613 - __main__ - INFO - Token value: 1234
2026-07-22 19:04:22,245 - __main__ - WARNING - API rate limit exceeded (status code: 429). This is temporary and will reset automatically.
2026-07-22 19:04:22,246 - __main__ - WARNING - Error message: Too many requests from your IP address. We limit our service to 50 unique lookups per hour. Please wait 1 hour before making another request for your access to reset.
2026-07-22 19:04:22,247 - __main__ - INFO - Next run will occur in 1 hour due to updated schedule.
2026-07-22 20:58:26,986 - __main__ - INFO - Token value: 1234
2026-07-22 20:58:27,048 - __main__ - WARNING - API rate limit exceeded (status code: 429). This is temporary and will reset automatically.
2026-07-22 20:58:27,050 - __main__ - WARNING - Error message: Too many requests from your IP address. We limit our service to 50 unique lookups per hour. Please wait 1 hour before making another request for your access to reset.
2026-07-22 20:58:27,050 - __main__ - INFO - Next run will occur in 1 hour due to updated schedule.
2026-07-22 22:05:24,488 - __main__ - INFO - Token value: 1234
2026-07-22 22:05:24,717 - __main__ - WARNING - API rate limit exceeded (status code: 429). This is temporary and will reset automatically.
2026-07-22 22:05:24,719 - __main__ - WARNING - Error message: Too many requests from your IP address. We limit our service to 50 unique lookups per hour. Please wait 1 hour before making another request for your access to reset.
2026-07-22 22:05:24,719 - __main__ - INFO - Next run will occur in 1 hour due to updated schedule.
2026-07-22 23:57:05,853 - __main__ - INFO - Token value: 1234
2026-07-22 23:57:06,307 - __main__ - WARNING - API rate limit exceeded (status code: 429). This is temporary and will reset automatically.
2026-07-22 23:57:06,309 - __main__ - WARNING - Error message: Too many requests from your IP address. We limit our service to 50 unique lookups per hour. Please wait 1 hour before making another request for your access to reset.
2026-07-22 23:57:06,309 - __main__ - INFO - Next run will occur in 1 hour due to updated schedule.
2026-07-23 02:39:09,753 - __main__ - INFO - Token value: 1234
2026-07-23 02:39:09,952 - __main__ - WARNING - API rate limit exceeded (status code: 429). This is temporary and will reset automatically.
2026-07-23 02:39:09,953 - __main__ - WARNING - Error message: Too many requests from your IP address. We limit our service to 50 unique lookups per hour. Please wait 1 hour before making another request for your access to reset.
2026-07-23 02:39:09,953 - __main__ - INFO - Next run will occur in 1 hour due to updated schedule.
2026-07-23 05:48:22,808 - __main__ - INFO - Token value: 1234
2026-07-23 05:48:23,377 - __main__ - WARNING - API rate limit exceeded (status code: 429). This is temporary and will reset automatically.
2026-07-23 05:48:23,379 - __main__ - WARNING - Error message: Too many requests from your IP address. We limit our service to 50 unique lookups per hour. Please wait 1 hour before making another request for your access to reset.
2026-07-23 05:48:23,379 - __main__ - INFO - Next run will occur in 1 hour due to updated schedule.
2026-07-23 08:20:17,084 - __main__ - INFO - Token value: 1234
2026-07-23 08:20:17,218 - __main__ - WARNING - API rate limit exceeded (status code: 429). This is temporary and will reset automatically.
2026-07-23 08:20:17,220 - __main__ - WARNING - Error message: Too many requests from your IP address. We limit our service to 50 unique lookups per hour. Please wait 1 hour before making another request for your access to reset.
2026-07-23 08:20:17,220 - __main__ - INFO - Next run will occur in 1 hour due to updated schedule.
2026-07-23 11:04:33,055 - __main__ - INFO - Token value: 1234
2026-07-23 11:04:33,879 - __main__ - WARNING - API rate limit exceeded (status code: 429). This is temporary and will reset automatically.
2026-07-23 11:04:33,881 - __main__ - WARNING - Error message: Too many requests from your IP address. We limit our service to 50 unique lookups per hour. Please wait 1 hour before making another request for your access to reset.
2026-07-23 11:04:33,882 - __main__ - INFO - Next run will occur in 1 hour due to updated schedule.
2026-07-23 13:42:36,787 - __main__ - INFO - Token value: 1234
2026-07-23 13:42:36,915 - __main__ - WARNING - API rate limit exceeded (status code: 429). This is temporary and will reset automatically.
2026-07-23 13:42:36,916 - __main__ - WARNING - Error message: Too many requests from your IP address. We limit our service to 50 unique lookups per hour. Please wait 1 hour before making another request for your access to reset.
2026-07-23 13:42:36,916 - __main__ - INFO - Next run will occur in 1 hour due to updated schedule.
2026-07-23 15:50:42,510 - __main__ - INFO - Token value: 1234
2026-07-23 15:50:42,814 - __main__ - WARNING - API rate limit exceeded (status code: 429). This is temporary and will reset automatically.
2026-07-23 15:50:42,816 - __main__ - WARNING - Error message: Too many requests from your IP address. We limit our service to 50 unique lookups per hour. Please wait 1 hour before making another request for your access to reset.
2026-07-23 15:50:42,816 - __main__ - INFO - Next run will occur in 1 hour due to updated schedule.
2026-07-23 17:13:05,412 - __main__ - INFO - Token value: 1234
2026-07-23 17:13:05,513 - __main__ - WARNING - API rate limit exceeded (status code: 429). This is temporary and will reset automatically.
2026-07-23 17:13:05,515 - __main__ - WARNING - Error message: Too many requests from your IP address. We limit our service to 50 unique lookups per hour. Please wait 1 hour before making another request for your access to reset.
2026-07-23 17:13:05,515 - __main__ - INFO - Next run will occur in 1 hour due to updated schedule.
2026-07-23 19:05:11,687 - __main__ - INFO - Token value: 1234
2026-07-23 19:05:12,356 - __main__ - WARNING - API rate limit exceeded (status code: 429). This is temporary and will reset automatically.
2026-07-23 19:05:12,357 - __main__ - WARNING - Error message: Too many requests from your IP address. We limit our service to 50 unique lookups per hour. Please wait 1 hour before making another request for your access to reset.
2026-07-23 19:05:12,357 - __main__ - INFO - Next run will occur in 1 hour due to updated schedule.
2026-07-23 20:55:47,691 - __main__ - INFO - Token value: 1234
2026-07-23 20:55:48,163 - __main__ - WARNING - API rate limit exceeded (status code: 429). This is temporary and will reset automatically.
2026-07-23 20:55:48,164 - __main__ - WARNING - Error message: Too many requests from your IP address. We limit our service to 50 unique lookups per hour. Please wait 1 hour before making another request for your access to reset.
2026-07-23 20:55:48,164 - __main__ - INFO - Next run will occur in 1 hour due to updated schedule.
2026-07-23 22:00:57,985 - __main__ - INFO - Token value: 1234
2026-07-23 22:00:58,075 - __main__ - WARNING - API rate limit exceeded (status code: 429). This is temporary and will reset automatically.
2026-07-23 22:00:58,077 - __main__ - WARNING - Error message: Too many requests from your IP address. We limit our service to 50 unique lookups per hour. Please wait 1 hour before making another request for your access to reset.
2026-07-23 22:00:58,077 - __main__ - INFO - Next run will occur in 1 hour due to updated schedule.
2026-07-23 23:54:40,141 - __main__ - INFO - Token value: 1234
2026-07-23 23:54:40,791 - __main__ - WARNING - API rate limit exceeded (status code: 429). This is temporary and will reset automatically.
2026-07-23 23:54:40,792 - __main__ - WARNING - Error message: Too many requests from your IP address. We limit our service to 50 unique lookups per hour. Please wait 1 hour before making another request for your access to reset.
2026-07-23 23:54:40,792 - __main__ - INFO - Next run will occur in 1 hour due to updated schedule.
2026-07-24 02:07:14,075 - __main__ - INFO - Token value: 1234
2026-07-24 02:07:14,442 - __main__ - WARNING - API rate limit exceeded (status code: 429). This is temporary and will reset automatically.
2026-07-24 02:07:14,444 - __main__ - WARNING - Error message: Too many requests from your IP address. We limit our service to 50 unique lookups per hour. Please wait 1 hour before making another request for your access to reset.
2026-07-24 02:07:14,444 - __main__ - INFO - Next run will occur in 1 hour due to updated schedule.
2026-07-24 05:43:56,709 - __main__ - INFO - Token value: 1234
2026-07-24 05:43:57,066 - __main__ - WARNING - API rate limit exceeded (status code: 429). This is temporary and will reset automatically.
2026-07-24 05:43:57,068 - __main__ - WARNING - Error message: Too many requests from your IP address. We limit our service to 50 unique lookups per hour. Please wait 1 hour before making another request for your access to reset.
2026-07-24 05:43:57,068 - __main__ - INFO - Next run will occur in 1 hour due to updated schedule.
2026-07-24 08:14:42,421 - __main__ - INFO - Token value: 1234
2026-07-24 08:14:42,663 - __main__ - WARNING - API rate limit exceeded (status code: 429). This is temporary and will reset automatically.
2026-07-24 08:14:42,665 - __main__ - WARNING - Error message: Too many requests from your IP address. We limit our service to 50 unique lookups per hour. Please wait 1 hour before making another request for your access to reset.
2026-07-24 08:14:42,665 - __main__ - INFO - Next run will occur in 1 hour due to updated schedule.
2026-07-24 10:57:42,457 - __main__ - INFO - Token value: 1234
2026-07-24 10:57:42,650 - __main__ - WARNING - API rate limit exceeded (status code: 429). This is temporary and will reset automatically.
2026-07-24 10:57:42,652 - __main__ - WARNING - Error message: Too many requests from your IP address. We limit our service to 50 unique lookups per hour. Please wait 1 hour before making another request for your access to reset.
2026-07-24 10:57:42,652 - __main__ - INFO - Next run will occur in 1 hour due to updated schedule.
2026-07-24 12:18:44,669 - __main__ - INFO - Token value: 1234
2026-07-24 12:18:45,277 - __main__ - WARNING - API rate limit exceeded (status code: 429). This is temporary and will reset automatically.
2026-07-24 12:18:45,278 - __main__ - WARNING - Error message: Too many requests from your IP address. We limit our service to 50 unique lookups per hour. Please wait 1 hour before making another request for your access to reset.
2026-07-24 12:18:45,278 - __main__ - INFO - Next run will occur in 1 hour due to updated schedule.
2026-07-24 14:49:17,655 - __main__ - INFO - Token value: 1234
2026-07-24 14:49:18,061 - __main__ - WARNING - API rate limit exceeded (status code: 429). This is temporary and will reset automatically.
2026-07-24 14:49:18,063 - __main__ - WARNING - Error message: Too many requests from your IP address. We limit our service to 50 unique lookups per hour. Please wait 1 hour before making another request for your access to reset.
2026-07-24 14:49:18,063 - __main__ - INFO - Next run will occur in 1 hour due to updated schedule.
2026-07-24 16:34:42,399 - __main__ - INFO - Token value: 1234
2026-07-24 16:34:42,898 - __main__ - WARNING - API rate limit exceeded (status code: 429). This is temporary and will reset automatically.
2026-07-24 16:34:42,900 - __main__ - WARNING - Error message: Too many requests from your IP address. We limit our service to 50 unique lookups per hour. Please wait 1 hour before making another request for your access to reset.
2026-07-24 16:34:42,900 - __main__ - INFO - Next run will occur in 1 hour due to updated schedule.
2026-07-24 18:13:53,339 - __main__ - INFO - Token value: 1234
2026-07-24 18:13:53,920 - __main__ - WARNING - API rate limit exceeded (status code: 429). This is temporary and will reset automatically.
2026-07-24 18:13:53,922 - __main__ - WARNING - Error message: Too many requests from your IP address. We limit our service to 50 unique lookups per hour. Please wait 1 hour before making another request for your access to reset.
2026-07-24 18:13:53,922 - __main__ - INFO - Next run will occur in 1 hour due to updated schedule.
2026-07-24 20:15:05,898 - __main__ - INFO - Token value: 1234
2026-07-24 20:15:06,606 - __main__ - WARNING - API rate limit exceeded (status code: 429). This is temporary and will reset automatically.
2026-07-24 20:15:06,608 - __main__ - WARNING - Error message: Too many requests from your IP address. We limit our service to 50 unique lookups per hour. Please wait 1 hour before making another request for your access to reset.
2026-07-24 20:15:06,608 - __main__ - INFO - Next run will occur in 1 hour due to updated schedule.
2026-07-24 21:59:09,128 - __main__ - INFO - Token value: 1234
2026-07-24 21:59:09,468 - __main__ - WARNING - API rate limit exceeded (status code: 429). This is temporary and will reset automatically.
2026-07-24 21:59:09,470 - __main__ - WARNING - Error message: Too many requests from your IP address. We limit our service to 50 unique lookups per hour. Please wait 1 hour before making another request for your access to reset.
2026-07-24 21:59:09,470 - __main__ - INFO - Next run will occur in 1 hour due to updated schedule.
2026-07-24 23:04:26,916 - __main__ - INFO - Token value: 1234
2026-07-24 23:04:27,542 - __main__ - WARNING - API rate limit exceeded (status code: 429). This is temporary and will reset automatically.
2026-07-24 23:04:27,544 - __main__ - WARNING - Error message: Too many requests from your IP address. We limit our service to 50 unique lookups per hour. Please wait 1 hour before making another request for your access to reset.
2026-07-24 23:04:27,544 - __main__ - INFO - Next run will occur in 1 hour due to updated schedule.
2026-07-25 02:06:28,647 - __main__ - INFO - Token value: 1234
2026-07-25 02:06:29,202 - __main__ - WARNING - API rate limit exceeded (status code: 429). This is temporary and will reset automatically.
2026-07-25 02:06:29,204 - __main__ - WARNING - Error message: Too many requests from your IP address. We limit our service to 50 unique lookups per hour. Please wait 1 hour before making another request for your access to reset.
2026-07-25 02:06:29,204 - __main__ - INFO - Next run will occur in 1 hour due to updated schedule.
2026-07-25 05:37:47,944 - __main__ - INFO - Token value: 1234
2026-07-25 05:37:48,176 - __main__ - WARNING - API rate limit exceeded (status code: 429). This is temporary and will reset automatically.
2026-07-25 05:37:48,177 - __main__ - WARNING - Error message: Too many requests from your IP address. We limit our service to 50 unique lookups per hour. Please wait 1 hour before making another request for your access to reset.
2026-07-25 05:37:48,178 - __main__ - INFO - Next run will occur in 1 hour due to updated schedule.
2026-07-25 07:57:38,056 - __main__ - INFO - Token value: 1234
2026-07-25 07:57:38,691 - __main__ - WARNING - API rate limit exceeded (status code: 429). This is temporary and will reset automatically.
2026-07-25 07:57:38,693 - __main__ - WARNING - Error message: Too many requests from your IP address. We limit our service to 50 unique lookups per hour. Please wait 1 hour before making another request for your access to reset.
2026-07-25 07:57:38,693 - __main__ - INFO - Next run will occur in 1 hour due to updated schedule.
2026-07-25 09:46:59,938 - __main__ - INFO - Token value: 1234
2026-07-25 09:47:00,253 - __main__ - WARNING - API rate limit exceeded (status code: 429). This is temporary and will reset automatically.
2026-07-25 09:47:00,254 - __main__ - WARNING - Error message: Too many requests from your IP address. We limit our service to 50 unique lookups per hour. Please wait 1 hour before making another request for your access to reset.
2026-07-25 09:47:00,254 - __main__ - INFO - Next run will occur in 1 hour due to updated schedule.
2026-07-25 11:04:31,986 - __main__ - INFO - Token value: 1234
2026-07-25 11:04:32,307 - __main__ - WARNING - API rate limit exceeded (status code: 429). This is temporary and will reset automatically.
2026-07-25 11:04:32,309 - __main__ - WARNING - Error message: Too many requests from your IP address. We limit our service to 50 unique lookups per hour. Please wait 1 hour before making another request for your access to reset.
2026-07-25 11:04:32,309 - __main__ - INFO - Next run will occur in 1 hour due to updated schedule.
2026-07-25 13:11:18,736 - __main__ - INFO - Token value: 1234
2026-07-25 13:11:19,283 - __main__ - WARNING - API rate limit exceeded (status code: 429). This is temporary and will reset automatically.
2026-07-25 13:11:19,285 - __main__ - WARNING - Error message: Too many requests from your IP address. We limit our service to 50 unique lookups per hour. Please wait 1 hour before making another request for your access to reset.
2026-07-25 13:11:19,285 - __main__ - INFO - Next run will occur in 1 hour due to updated schedule.
2026-07-25 14:57:17,741 - __main__ - INFO - Token value: 1234
2026-07-25 14:57:18,223 - __main__ - WARNING - API rate limit exceeded (status code: 429). This is temporary and will reset automatically.
2026-07-25 14:57:18,225 - __main__ - WARNING - Error message: Too many requests from your IP address. We limit our service to 50 unique lookups per hour. Please wait 1 hour before making another request for your access to reset.
2026-07-25 14:57:18,225 - __main__ - INFO - Next run will occur in 1 hour due to updated schedule.
2026-07-25 16:03:19,957 - __main__ - INFO - Token value: 1234
2026-07-25 16:03:20,231 - __main__ - WARNING - API rate limit exceeded (status code: 429). This is temporary and will reset automatically.
2026-07-25 16:03:20,232 - __main__ - WARNING - Error message: Too many requests from your IP address. We limit our service to 50 unique lookups per hour. Please wait 1 hour before making another request for your access to reset.
2026-07-25 16:03:20,232 - __main__ - INFO - Next run will occur in 1 hour due to updated schedule.
2026-07-25 17:53:54,637 - __main__ - INFO - Token value: 1234
2026-07-25 17:53:55,495 - __main__ - WARNING - API rate limit exceeded (status code: 429). This is temporary and will reset automatically.
2026-07-25 17:53:55,497 - __main__ - WARNING - Error message: Too many requests from your IP address. We limit our service to 50 unique lookups per hour. Please wait 1 hour before making another request for your access to reset.
2026-07-25 17:53:55,497 - __main__ - INFO - Next run will occur in 1 hour due to updated schedule.
2026-07-25 18:58:27,203 - __main__ - INFO - Token value: 1234
2026-07-25 18:58:27,548 - __main__ - WARNING - API rate limit exceeded (status code: 429). This is temporary and will reset automatically.
2026-07-25 18:58:27,549 - __main__ - WARNING - Error message: Too many requests from your IP address. We limit our service to 50 unique lookups per hour. Please wait 1 hour before making another request for your access to reset.
2026-07-25 18:58:27,549 - __main__ - INFO - Next run will occur in 1 hour due to updated schedule.
2026-07-25 20:11:43,495 - __main__ - INFO - Token value: 1234
2026-07-25 20:11:44,491 - __main__ - WARNING - API rate limit exceeded (status code: 429). This is temporary and will reset automatically.
2026-07-25 20:11:44,493 - __main__ - WARNING - Error message: Too many requests from your IP address. We limit our service to 50 unique lookups per hour. Please wait 1 hour before making another request for your access to reset.
2026-07-25 20:11:44,493 - __main__ - INFO - Next run will occur in 1 hour due to updated schedule.
2026-07-25 21:48:15,302 - __main__ - INFO - Token value: 1234
2026-07-25 21:48:15,732 - __main__ - WARNING - API rate limit exceeded (status code: 429). This is temporary and will reset automatically.
2026-07-25 21:48:15,734 - __main__ - WARNING - Error message: Too many requests from your IP address. We limit our service to 50 unique lookups per hour. Please wait 1 hour before making another request for your access to reset.
2026-07-25 21:48:15,734 - __main__ - INFO - Next run will occur in 1 hour due to updated schedule.
2026-07-25 22:47:59,813 - __main__ - INFO - Token value: 1234
2026-07-25 22:48:00,475 - __main__ - WARNING - API rate limit exceeded (status code: 429). This is temporary and will reset automatically.
2026-07-25 22:48:00,477 - __main__ - WARNING - Error message: Too many requests from your IP address. We limit our service to 50 unique lookups per hour. Please wait 1 hour before making another request for your access to reset.
2026-07-25 22:48:00,477 - __main__ - INFO - Next run will occur in 1 hour due to updated schedule.
2026-07-25 23:54:36,436 - __main__ - INFO - Token value: 1234
2026-07-25 23:54:37,013 - __main__ - WARNING - API rate limit exceeded (status code: 429). This is temporary and will reset automatically.
2026-07-25 23:54:37,015 - __main__ - WARNING - Error message: Too many requests from your IP address. We limit our service to 50 unique lookups per hour. Please wait 1 hour before making another request for your access to reset.
2026-07-25 23:54:37,015 - __main__ - INFO - Next run will occur in 1 hour due to updated schedule.
2026-07-26 02:11:25,746 - __main__ - INFO - Token value: 1234
2026-07-26 02:11:26,182 - __main__ - WARNING - API rate limit exceeded (status code: 429). This is temporary and will reset automatically.
2026-07-26 02:11:26,183 - __main__ - WARNING - Error message: Too many requests from your IP address. We limit our service to 50 unique lookups per hour. Please wait 1 hour before making another request for your access to reset.
2026-07-26 02:11:26,183 - __main__ - INFO - Next run will occur in 1 hour due to updated schedule.
2026-07-26 05:54:25,835 - __main__ - INFO - Token value: 1234
2026-07-26 05:54:26,167 - __main__ - WARNING - API rate limit exceeded (status code: 429). This is temporary and will reset automatically.
2026-07-26 05:54:26,169 - __main__ - WARNING - Error message: Too many requests from your IP address. We limit our service to 50 unique lookups per hour. Please wait 1 hour before making another request for your access to reset.
2026-07-26 05:54:26,169 - __main__ - INFO - Next run will occur in 1 hour due to updated schedule.
2026-07-26 08:14:55,007 - __main__ - INFO - Token value: 1234
2026-07-26 08:14:55,314 - __main__ - WARNING - API rate limit exceeded (status code: 429). This is temporary and will reset automatically.
2026-07-26 08:14:55,316 - __main__ - WARNING - Error message: Too many requests from your IP address. We limit our service to 50 unique lookups per hour. Please wait 1 hour before making another request for your access to reset.
2026-07-26 08:14:55,316 - __main__ - INFO - Next run will occur in 1 hour due to updated schedule.
2026-07-26 10:38:57,785 - __main__ - INFO - Token value: 1234
2026-07-26 10:38:57,984 - __main__ - WARNING - API rate limit exceeded (status code: 429). This is temporary and will reset automatically.
2026-07-26 10:38:57,986 - __main__ - WARNING - Error message: Too many requests from your IP address. We limit our service to 50 unique lookups per hour. Please wait 1 hour before making another request for your access to reset.
2026-07-26 10:38:57,986 - __main__ - INFO - Next run will occur in 1 hour due to updated schedule.
2026-07-26 11:57:55,998 - __main__ - INFO - Token value: 1234
2026-07-26 11:57:56,730 - __main__ - WARNING - API rate limit exceeded (status code: 429). This is temporary and will reset automatically.
2026-07-26 11:57:56,732 - __main__ - WARNING - Error message: Too many requests from your IP address. We limit our service to 50 unique lookups per hour. Please wait 1 hour before making another request for your access to reset.
2026-07-26 11:57:56,732 - __main__ - INFO - Next run will occur in 1 hour due to updated schedule.
2026-07-26 13:24:20,306 - __main__ - INFO - Token value: 1234
2026-07-26 13:24:20,929 - __main__ - WARNING - API rate limit exceeded (status code: 429). This is temporary and will reset automatically.
2026-07-26 13:24:20,931 - __main__ - WARNING - Error message: Too many requests from your IP address. We limit our service to 50 unique lookups per hour. Please wait 1 hour before making another request for your access to reset.
2026-07-26 13:24:20,931 - __main__ - INFO - Next run will occur in 1 hour due to updated schedule.
2026-07-26 14:59:21,642 - __main__ - INFO - Token value: 1234
2026-07-26 14:59:21,961 - __main__ - WARNING - API rate limit exceeded (status code: 429). This is temporary and will reset automatically.
2026-07-26 14:59:21,963 - __main__ - WARNING - Error message: Too many requests from your IP address. We limit our service to 50 unique lookups per hour. Please wait 1 hour before making another request for your access to reset.
2026-07-26 14:59:21,963 - __main__ - INFO - Next run will occur in 1 hour due to updated schedule.
2026-07-26 16:05:14,984 - __main__ - INFO - Token value: 1234
2026-07-26 16:05:15,293 - __main__ - WARNING - API rate limit exceeded (status code: 429). This is temporary and will reset automatically.
2026-07-26 16:05:15,295 - __main__ - WARNING - Error message: Too many requests from your IP address. We limit our service to 50 unique lookups per hour. Please wait 1 hour before making another request for your access to reset.
2026-07-26 16:05:15,295 - __main__ - INFO - Next run will occur in 1 hour due to updated schedule.
2026-07-26 17:57:29,309 - __main__ - INFO - Token value: 1234
2026-07-26 17:57:29,538 - __main__ - WARNING - API rate limit exceeded (status code: 429). This is temporary and will reset automatically.
2026-07-26 17:57:29,539 - __main__ - WARNING - Error message: Too many requests from your IP address. We limit our service to 50 unique lookups per hour. Please wait 1 hour before making another request for your access to reset.
2026-07-26 17:57:29,540 - __main__ - INFO - Next run will occur in 1 hour due to updated schedule.
2026-07-26 19:10:13,015 - __main__ - INFO - Token value: 1234
2026-07-26 19:10:13,476 - __main__ - WARNING - API rate limit exceeded (status code: 429). This is temporary and will reset automatically.
2026-07-26 19:10:13,479 - __main__ - WARNING - Error message: Too many requests from your IP address. We limit our service to 50 unique lookups per hour. Please wait 1 hour before making another request for your access to reset.
2026-07-26 19:10:13,479 - __main__ - INFO - Next run will occur in 1 hour due to updated schedule.
2026-07-26 20:50:58,712 - __main__ - INFO - Token value: 1234
2026-07-26 20:50:58,930 - __main__ - WARNING - API rate limit exceeded (status code: 429). This is temporary and will reset automatically.
2026-07-26 20:50:58,932 - __main__ - WARNING - Error message: Too many requests from your IP address. We limit our service to 50 unique lookups per hour. Please wait 1 hour before making another request for your access to reset.
2026-07-26 20:50:58,932 - __main__ - INFO - Next run will occur in 1 hour due to updated schedule.
2026-07-26 21:53:29,377 - __main__ - INFO - Token value: 1234
2026-07-26 21:53:29,826 - __main__ - WARNING - API rate limit exceeded (status code: 429). This is temporary and will reset automatically.
2026-07-26 21:53:29,828 - __main__ - WARNING - Error message: Too many requests from your IP address. We limit our service to 50 unique lookups per hour. Please wait 1 hour before making another request for your access to reset.
2026-07-26 21:53:29,828 - __main__ - INFO - Next run will occur in 1 hour due to updated schedule.
2026-07-26 22:54:05,294 - __main__ - INFO - Token value: 1234
2026-07-26 22:54:05,369 - __main__ - WARNING - API rate limit exceeded (status code: 429). This is temporary and will reset automatically.
2026-07-26 22:54:05,371 - __main__ - WARNING - Error message: Too many requests from your IP address. We limit our service to 50 unique lookups per hour. Please wait 1 hour before making another request for your access to reset.
2026-07-26 22:54:05,371 - __main__ - INFO - Next run will occur in 1 hour due to updated schedule.
2026-07-26 23:55:38,235 - __main__ - INFO - Token value: 1234
2026-07-26 23:55:38,564 - __main__ - WARNING - API rate limit exceeded (status code: 429). This is temporary and will reset automatically.
2026-07-26 23:55:38,566 - __main__ - WARNING - Error message: Too many requests from your IP address. We limit our service to 50 unique lookups per hour. Please wait 1 hour before making another request for your access to reset.
2026-07-26 23:55:38,566 - __main__ - INFO - Next run will occur in 1 hour due to updated schedule.
2026-07-27 02:28:37,717 - __main__ - INFO - Token value: 1234
2026-07-27 02:28:37,870 - __main__ - WARNING - API rate limit exceeded (status code: 429). This is temporary and will reset automatically.
2026-07-27 02:28:37,871 - __main__ - WARNING - Error message: Too many requests from your IP address. We limit our service to 50 unique lookups per hour. Please wait 1 hour before making another request for your access to reset.
2026-07-27 02:28:37,871 - __main__ - INFO - Next run will occur in 1 hour due to updated schedule.
2026-07-27 06:22:18,555 - __main__ - INFO - Token value: 1234
2026-07-27 06:22:18,762 - __main__ - WARNING - API rate limit exceeded (status code: 429). This is temporary and will reset automatically.
2026-07-27 06:22:18,764 - __main__ - WARNING - Error message: Too many requests from your IP address. We limit our service to 50 unique lookups per hour. Please wait 1 hour before making another request for your access to reset.
2026-07-27 06:22:18,764 - __main__ - INFO - Next run will occur in 1 hour due to updated schedule.
2026-07-27 10:36:27,101 - __main__ - INFO - Token value: 1234
2026-07-27 10:36:27,462 - __main__ - WARNING - API rate limit exceeded (status code: 429). This is temporary and will reset automatically.
2026-07-27 10:36:27,464 - __main__ - WARNING - Error message: Too many requests from your IP address. We limit our service to 50 unique lookups per hour. Please wait 1 hour before making another request for your access to reset.
2026-07-27 10:36:27,464 - __main__ - INFO - Next run will occur in 1 hour due to updated schedule.
2026-07-27 13:34:45,382 - __main__ - INFO - Token value: 1234
2026-07-27 13:34:45,763 - __main__ - WARNING - API rate limit exceeded (status code: 429). This is temporary and will reset automatically.
2026-07-27 13:34:45,765 - __main__ - WARNING - Error message: Too many requests from your IP address. We limit our service to 50 unique lookups per hour. Please wait 1 hour before making another request for your access to reset.
2026-07-27 13:34:45,765 - __main__ - INFO - Next run will occur in 1 hour due to updated schedule.
2026-07-27 16:11:02,193 - __main__ - INFO - Token value: 1234
2026-07-27 16:11:02,401 - __main__ - WARNING - API rate limit exceeded (status code: 429). This is temporary and will reset automatically.
2026-07-27 16:11:02,405 - __main__ - WARNING - Error message: Too many requests from your IP address. We limit our service to 50 unique lookups per hour. Please wait 1 hour before making another request for your access to reset.
2026-07-27 16:11:02,405 - __main__ - INFO - Next run will occur in 1 hour due to updated schedule.
2026-07-27 18:20:18,575 - __main__ - INFO - Token value: 1234
2026-07-27 18:20:19,073 - __main__ - WARNING - API rate limit exceeded (status code: 429). This is temporary and will reset automatically.
2026-07-27 18:20:19,075 - __main__ - WARNING - Error message: Too many requests from your IP address. We limit our service to 50 unique lookups per hour. Please wait 1 hour before making another request for your access to reset.
2026-07-27 18:20:19,075 - __main__ - INFO - Next run will occur in 1 hour due to updated schedule.
2026-07-27 20:17:15,917 - __main__ - INFO - Token value: 1234
2026-07-27 20:17:16,951 - __main__ - WARNING - API rate limit exceeded (status code: 429). This is temporary and will reset automatically.
2026-07-27 20:17:16,953 - __main__ - WARNING - Error message: Too many requests from your IP address. We limit our service to 50 unique lookups per hour. Please wait 1 hour before making another request for your access to reset.
2026-07-27 20:17:16,953 - __main__ - INFO - Next run will occur in 1 hour due to updated schedule.
2026-07-27 22:00:06,174 - __main__ - INFO - Token value: 1234
2026-07-27 22:00:06,624 - __main__ - WARNING - API rate limit exceeded (status code: 429). This is temporary and will reset automatically.
2026-07-27 22:00:06,626 - __main__ - WARNING - Error message: Too many requests from your IP address. We limit our service to 50 unique lookups per hour. Please wait 1 hour before making another request for your access to reset.
2026-07-27 22:00:06,626 - __main__ - INFO - Next run will occur in 1 hour due to updated schedule.
2026-07-27 23:11:35,706 - __main__ - INFO - Token value: 1234
2026-07-27 23:11:36,038 - __main__ - WARNING - API rate limit exceeded (status code: 429). This is temporary and will reset automatically.
2026-07-27 23:11:36,040 - __main__ - WARNING - Error message: Too many requests from your IP address. We limit our service to 50 unique lookups per hour. Please wait 1 hour before making another request for your access to reset.
2026-07-27 23:11:36,040 - __main__ - INFO - Next run will occur in 1 hour due to updated schedule.
2026-07-28 01:59:50,303 - __main__ - INFO - Token value: 1234
2026-07-28 01:59:51,149 - __main__ - WARNING - API rate limit exceeded (status code: 429). This is temporary and will reset automatically.
2026-07-28 01:59:51,150 - __main__ - WARNING - Error message: Too many requests from your IP address. We limit our service to 50 unique lookups per hour. Please wait 1 hour before making another request for your access to reset.
2026-07-28 01:59:51,150 - __main__ - INFO - Next run will occur in 1 hour due to updated schedule.
2026-07-28 05:20:24,953 - __main__ - INFO - Token value: 1234
2026-07-28 05:20:25,015 - __main__ - WARNING - API rate limit exceeded (status code: 429). This is temporary and will reset automatically.
2026-07-28 05:20:25,017 - __main__ - WARNING - Error message: Too many requests from your IP address. We limit our service to 50 unique lookups per hour. Please wait 1 hour before making another request for your access to reset.
2026-07-28 05:20:25,017 - __main__ - INFO - Next run will occur in 1 hour due to updated schedule.
2026-07-28 08:23:07,135 - __main__ - INFO - Token value: 1234
2026-07-28 08:23:07,599 - __main__ - WARNING - API rate limit exceeded (status code: 429). This is temporary and will reset automatically.
2026-07-28 08:23:07,601 - __main__ - WARNING - Error message: Too many requests from your IP address. We limit our service to 50 unique lookups per hour. Please wait 1 hour before making another request for your access to reset.
2026-07-28 08:23:07,601 - __main__ - INFO - Next run will occur in 1 hour due to updated schedule.
2026-07-28 11:11:25,278 - __main__ - INFO - Token value: 1234
2026-07-28 11:11:25,545 - __main__ - WARNING - API rate limit exceeded (status code: 429). This is temporary and will reset automatically.
2026-07-28 11:11:25,547 - __main__ - WARNING - Error message: Too many requests from your IP address. We limit our service to 50 unique lookups per hour. Please wait 1 hour before making another request for your access to reset.
2026-07-28 11:11:25,547 - __main__ - INFO - Next run will occur in 1 hour due to updated schedule.
2026-07-28 13:50:31,988 - __main__ - INFO - Token value: 1234
2026-07-28 13:50:32,524 - __main__ - WARNING - API rate limit exceeded (status code: 429). This is temporary and will reset automatically.
2026-07-28 13:50:32,526 - __main__ - WARNING - Error message: Too many requests from your IP address. We limit our service to 50 unique lookups per hour. Please wait 1 hour before making another request for your access to reset.
2026-07-28 13:50:32,526 - __main__ - INFO - Next run will occur in 1 hour due to updated schedule.
2026-07-28 16:01:14,580 - __main__ - INFO - Token value: 1234
2026-07-28 16:01:15,017 - __main__ - WARNING - API rate limit exceeded (status code: 429). This is temporary and will reset automatically.
2026-07-28 16:01:15,019 - __main__ - WARNING - Error message: Too many requests from your IP address. We limit our service to 50 unique lookups per hour. Please wait 1 hour before making another request for your access to reset.
2026-07-28 16:01:15,019 - __main__ - INFO - Next run will occur in 1 hour due to updated schedule.
2026-07-28 18:08:21,417 - __main__ - INFO - Token value: 1234
2026-07-28 18:08:21,603 - __main__ - WARNING - API rate limit exceeded (status code: 429). This is temporary and will reset automatically.
2026-07-28 18:08:21,605 - __main__ - WARNING - Error message: Too many requests from your IP address. We limit our service to 50 unique lookups per hour. Please wait 1 hour before making another request for your access to reset.
2026-07-28 18:08:21,605 - __main__ - INFO - Next run will occur in 1 hour due to updated schedule.
2026-07-28 20:11:47,093 - __main__ - INFO - Token value: 1234
2026-07-28 20:11:47,568 - __main__ - WARNING - API rate limit exceeded (status code: 429). This is temporary and will reset automatically.
2026-07-28 20:11:47,570 - __main__ - WARNING - Error message: Too many requests from your IP address. We limit our service to 50 unique lookups per hour. Please wait 1 hour before making another request for your access to reset.
2026-07-28 20:11:47,570 - __main__ - INFO - Next run will occur in 1 hour due to updated schedule.
2026-07-28 21:57:29,789 - __main__ - INFO - Token value: 1234
2026-07-28 21:57:30,469 - __main__ - WARNING - API rate limit exceeded (status code: 429). This is temporary and will reset automatically.
2026-07-28 21:57:30,471 - __main__ - WARNING - Error message: Too many requests from your IP address. We limit our service to 50 unique lookups per hour. Please wait 1 hour before making another request for your access to reset.
2026-07-28 21:57:30,471 - __main__ - INFO - Next run will occur in 1 hour due to updated schedule.
2026-07-28 22:58:23,220 - __main__ - INFO - Token value: 1234
2026-07-28 22:58:23,709 - __main__ - WARNING - API rate limit exceeded (status code: 429). This is temporary and will reset automatically.
2026-07-28 22:58:23,711 - __main__ - WARNING - Error message: Too many requests from your IP address. We limit our service to 50 unique lookups per hour. Please wait 1 hour before making another request for your access to reset.
2026-07-28 22:58:23,711 - __main__ - INFO - Next run will occur in 1 hour due to updated schedule.
2026-07-28 23:59:08,531 - __main__ - INFO - Token value: 1234
2026-07-28 23:59:09,344 - __main__ - WARNING - API rate limit exceeded (status code: 429). This is temporary and will reset automatically.
2026-07-28 23:59:09,345 - __main__ - WARNING - Error message: Too many requests from your IP address. We limit our service to 50 unique lookups per hour. Please wait 1 hour before making another request for your access to reset.
2026-07-28 23:59:09,345 - __main__ - INFO - Next run will occur in 1 hour due to updated schedule.
2026-07-29 02:56:28,178 - __main__ - INFO - Token value: 1234
2026-07-29 02:56:28,735 - __main__ - WARNING - API rate limit exceeded (status code: 429). This is temporary and will reset automatically.
2026-07-29 02:56:28,737 - __main__ - WARNING - Error message: Too many requests from your IP address. We limit our service to 50 unique lookups per hour. Please wait 1 hour before making another request for your access to reset.
2026-07-29 02:56:28,737 - __main__ - INFO - Next run will occur in 1 hour due to updated schedule.
2026-07-29 05:49:05,998 - __main__ - INFO - Token value: 1234
2026-07-29 05:49:06,535 - __main__ - WARNING - API rate limit exceeded (status code: 429). This is temporary and will reset automatically.
2026-07-29 05:49:06,537 - __main__ - WARNING - Error message: Too many requests from your IP address. We limit our service to 50 unique lookups per hour. Please wait 1 hour before making another request for your access to reset.
2026-07-29 05:49:06,537 - __main__ - INFO - Next run will occur in 1 hour due to updated schedule.
2026-07-29 08:29:15,714 - __main__ - INFO - Token value: 1234
2026-07-29 08:29:15,792 - __main__ - WARNING - API rate limit exceeded (status code: 429). This is temporary and will reset automatically.
2026-07-29 08:29:15,794 - __main__ - WARNING - Error message: Too many requests from your IP address. We limit our service to 50 unique lookups per hour. Please wait 1 hour before making another request for your access to reset.
2026-07-29 08:29:15,794 - __main__ - INFO - Next run will occur in 1 hour due to updated schedule.
2026-07-29 11:18:53,261 - __main__ - INFO - Token value: 1234
2026-07-29 11:18:53,556 - __main__ - WARNING - API rate limit exceeded (status code: 429). This is temporary and will reset automatically.
2026-07-29 11:18:53,558 - __main__ - WARNING - Error message: Too many requests from your IP address. We limit our service to 50 unique lookups per hour. Please wait 1 hour before making another request for your access to reset.
2026-07-29 11:18:53,558 - __main__ - INFO - Next run will occur in 1 hour due to updated schedule.
2026-07-29 13:55:22,659 - __main__ - INFO - Token value: 1234
2026-07-29 13:55:22,716 - __main__ - WARNING - API rate limit exceeded (status code: 429). This is temporary and will reset automatically.
2026-07-29 13:55:22,718 - __main__ - WARNING - Error message: Too many requests from your IP address. We limit our service to 50 unique lookups per hour. Please wait 1 hour before making another request for your access to reset.
2026-07-29 13:55:22,718 - __main__ - INFO - Next run will occur in 1 hour due to updated schedule.
2026-07-29 15:46:50,790 - __main__ - INFO - Token value: 1234
2026-07-29 15:46:50,993 - __main__ - WARNING - API rate limit exceeded (status code: 429). This is temporary and will reset automatically.
2026-07-29 15:46:50,994 - __main__ - WARNING - Error message: Too many requests from your IP address. We limit our service to 50 unique lookups per hour. Please wait 1 hour before making another request for your access to reset.
2026-07-29 15:46:50,995 - __main__ - INFO - Next run will occur in 1 hour due to updated schedule.
2026-07-29 17:08:33,616 - __main__ - INFO - Token value: 1234
2026-07-29 17:08:33,810 - __main__ - WARNING - API rate limit exceeded (status code: 429). This is temporary and will reset automatically.
2026-07-29 17:08:33,812 - __main__ - WARNING - Error message: Too many requests from your IP address. We limit our service to 50 unique lookups per hour. Please wait 1 hour before making another request for your access to reset.
2026-07-29 17:08:33,812 - __main__ - INFO - Next run will occur in 1 hour due to updated schedule.
2026-07-29 19:04:33,171 - __main__ - INFO - Token value: 1234
2026-07-29 19:04:33,764 - __main__ - WARNING - API rate limit exceeded (status code: 429). This is temporary and will reset automatically.
2026-07-29 19:04:33,766 - __main__ - WARNING - Error message: Too many requests from your IP address. We limit our service to 50 unique lookups per hour. Please wait 1 hour before making another request for your access to reset.
2026-07-29 19:04:33,766 - __main__ - INFO - Next run will occur in 1 hour due to updated schedule.
2026-07-29 20:47:21,190 - __main__ - INFO - Token value: 1234
2026-07-29 20:47:21,488 - __main__ - WARNING - API rate limit exceeded (status code: 429). This is temporary and will reset automatically.
2026-07-29 20:47:21,491 - __main__ - WARNING - Error message: Too many requests from your IP address. We limit our service to 50 unique lookups per hour. Please wait 1 hour before making another request for your access to reset.
2026-07-29 20:47:21,491 - __main__ - INFO - Next run will occur in 1 hour due to updated schedule.
2026-07-29 21:54:29,629 - __main__ - INFO - Token value: 1234
2026-07-29 21:54:29,811 - __main__ - WARNING - API rate limit exceeded (status code: 429). This is temporary and will reset automatically.
2026-07-29 21:54:29,812 - __main__ - WARNING - Error message: Too many requests from your IP address. We limit our service to 50 unique lookups per hour. Please wait 1 hour before making another request for your access to reset.
2026-07-29 21:54:29,812 - __main__ - INFO - Next run will occur in 1 hour due to updated schedule.
2026-07-29 22:55:45,305 - __main__ - INFO - Token value: 1234
2026-07-29 22:55:45,465 - __main__ - WARNING - API rate limit exceeded (status code: 429). This is temporary and will reset automatically.
2026-07-29 22:55:45,466 - __main__ - WARNING - Error message: Too many requests from your IP address. We limit our service to 50 unique lookups per hour. Please wait 1 hour before making another request for your access to reset.
2026-07-29 22:55:45,466 - __main__ - INFO - Next run will occur in 1 hour due to updated schedule.
2026-07-29 23:56:40,329 - __main__ - INFO - Token value: 1234
2026-07-29 23:56:40,556 - __main__ - WARNING - API rate limit exceeded (status code: 429). This is temporary and will reset automatically.
2026-07-29 23:56:40,558 - __main__ - WARNING - Error message: Too many requests from your IP address. We limit our service to 50 unique lookups per hour. Please wait 1 hour before making another request for your access to reset.
2026-07-29 23:56:40,558 - __main__ - INFO - Next run will occur in 1 hour due to updated schedule.
2026-07-30 02:10:17,095 - __main__ - INFO - Token value: 1234
2026-07-30 02:10:17,164 - __main__ - WARNING - API rate limit exceeded (status code: 429). This is temporary and will reset automatically.
2026-07-30 02:10:17,166 - __main__ - WARNING - Error message: Too many requests from your IP address. We limit our service to 50 unique lookups per hour. Please wait 1 hour before making another request for your access to reset.
2026-07-30 02:10:17,166 - __main__ - INFO - Next run will occur in 1 hour due to updated schedule.
2026-07-30 05:33:51,170 - __main__ - INFO - Token value: 1234
2026-07-30 05:33:51,957 - __main__ - WARNING - API rate limit exceeded (status code: 429). This is temporary and will reset automatically.
2026-07-30 05:33:51,958 - __main__ - WARNING - Error message: Too many requests from your IP address. We limit our service to 50 unique lookups per hour. Please wait 1 hour before making another request for your access to reset.
2026-07-30 05:33:51,958 - __main__ - INFO - Next run will occur in 1 hour due to updated schedule.
2026-07-30 08:13:15,671 - __main__ - INFO - Token value: 1234
2026-07-30 08:13:15,741 - __main__ - WARNING - API rate limit exceeded (status code: 429). This is temporary and will reset automatically.
2026-07-30 08:13:15,743 - __main__ - WARNING - Error message: Too many requests from your IP address. We limit our service to 50 unique lookups per hour. Please wait 1 hour before making another request for your access to reset.
2026-07-30 08:13:15,743 - __main__ - INFO - Next run will occur in 1 hour due to updated schedule.
2026-07-30 11:01:38,652 - __main__ - INFO - Token value: 1234
2026-07-30 11:01:39,111 - __main__ - WARNING - API rate limit exceeded (status code: 429). This is temporary and will reset automatically.
2026-07-30 11:01:39,113 - __main__ - WARNING - Error message: Too many requests from your IP address. We limit our service to 50 unique lookups per hour. Please wait 1 hour before making another request for your access to reset.
2026-07-30 11:01:39,113 - __main__ - INFO - Next run will occur in 1 hour due to updated schedule.
2026-07-30 13:45:11,528 - __main__ - INFO - Token value: 1234
2026-07-30 13:45:12,408 - __main__ - WARNING - API rate limit exceeded (status code: 429). This is temporary and will reset automatically.
2026-07-30 13:45:12,410 - __main__ - WARNING - Error message: Too many requests from your IP address. We limit our service to 50 unique lookups per hour. Please wait 1 hour before making another request for your access to reset.
2026-07-30 13:45:12,410 - __main__ - INFO - Next run will occur in 1 hour due to updated schedule.
2026-07-30 15:47:09,732 - __main__ - INFO - Token value: 1234
2026-07-30 15:47:09,872 - __main__ - WARNING - API rate limit exceeded (status code: 429). This is temporary and will reset automatically.
2026-07-30 15:47:09,873 - __main__ - WARNING - Error message: Too many requests from your IP address. We limit our service to 50 unique lookups per hour. Please wait 1 hour before making another request for your access to reset.
2026-07-30 15:47:09,874 - __main__ - INFO - Next run will occur in 1 hour due to updated schedule.
2026-07-30 17:20:00,821 - __main__ - INFO - Token value: 1234
2026-07-30 17:20:01,385 - __main__ - WARNING - API rate limit exceeded (status code: 429). This is temporary and will reset automatically.
2026-07-30 17:20:01,387 - __main__ - WARNING - Error message: Too many requests from your IP address. We limit our service to 50 unique lookups per hour. Please wait 1 hour before making another request for your access to reset.
2026-07-30 17:20:01,387 - __main__ - INFO - Next run will occur in 1 hour due to updated schedule.
2026-07-30 19:15:54,950 - __main__ - INFO - Token value: 1234
2026-07-30 19:15:55,265 - __main__ - WARNING - API rate limit exceeded (status code: 429). This is temporary and will reset automatically.
2026-07-30 19:15:55,266 - __main__ - WARNING - Error message: Too many requests from your IP address. We limit our service to 50 unique lookups per hour. Please wait 1 hour before making another request for your access to reset.
2026-07-30 19:15:55,266 - __main__ - INFO - Next run will occur in 1 hour due to updated schedule.
2026-07-30 21:01:12,827 - __main__ - INFO - Token value: 1234
2026-07-30 21:01:12,936 - __main__ - WARNING - API rate limit exceeded (status code: 429). This is temporary and will reset automatically.
2026-07-30 21:01:12,939 - __main__ - WARNING - Error message: Too many requests from your IP address. We limit our service to 50 unique lookups per hour. Please wait 1 hour before making another request for your access to reset.
2026-07-30 21:01:12,939 - __main__ - INFO - Next run will occur in 1 hour due to updated schedule.
2026-07-30 22:58:53,182 - __main__ - INFO - Token value: 1234
2026-07-30 22:58:53,521 - __main__ - WARNING - API rate limit exceeded (status code: 429). This is temporary and will reset automatically.
2026-07-30 22:58:53,522 - __main__ - WARNING - Error message: Too many requests from your IP address. We limit our service to 50 unique lookups per hour. Please wait 1 hour before making another request for your access to reset.
2026-07-30 22:58:53,522 - __main__ - INFO - Next run will occur in 1 hour due to updated schedule.
2026-07-31 00:05:06,581 - __main__ - INFO - Token value: 1234
2026-07-31 00:05:06,893 - __main__ - WARNING - API rate limit exceeded (status code: 429). This is temporary and will reset automatically.
2026-07-31 00:05:06,894 - __main__ - WARNING - Error message: Too many requests from your IP address. We limit our service to 50 unique lookups per hour. Please wait 1 hour before making another request for your access to reset.
2026-07-31 00:05:06,894 - __main__ - INFO - Next run will occur in 1 hour due to updated schedule.
2026-07-31 04:17:47,448 - __main__ - INFO - Token value: 1234
2026-07-31 04:17:47,873 - __main__ - WARNING - API rate limit exceeded (status code: 429). This is temporary and will reset automatically.
2026-07-31 04:17:47,874 - __main__ - WARNING - Error message: Too many requests from your IP address. We limit our service to 50 unique lookups per hour. Please wait 1 hour before making another request for your access to reset.
2026-07-31 04:17:47,875 - __main__ - INFO - Next run will occur in 1 hour due to updated schedule.
2026-07-31 07:46:29,439 - __main__ - INFO - Token value: 1234
2026-07-31 07:46:30,077 - __main__ - WARNING - API rate limit exceeded (status code: 429). This is temporary and will reset automatically.
2026-07-31 07:46:30,078 - __main__ - WARNING - Error message: Too many requests from your IP address. We limit our service to 50 unique lookups per hour. Please wait 1 hour before making another request for your access to reset.
2026-07-31 07:46:30,079 - __main__ - INFO - Next run will occur in 1 hour due to updated schedule.
2026-07-31 10:32:07,461 - __main__ - INFO - Token value: 1234
2026-07-31 10:32:07,742 - __main__ - WARNING - API rate limit exceeded (status code: 429). This is temporary and will reset automatically.
2026-07-31 10:32:07,743 - __main__ - WARNING - Error message: Too many requests from your IP address. We limit our service to 50 unique lookups per hour. Please wait 1 hour before making another request for your access to reset.
2026-07-31 10:32:07,743 - __main__ - INFO - Next run will occur in 1 hour due to updated schedule.
2026-07-31 12:52:34,726 - __main__ - INFO - Token value: 1234
2026-07-31 12:52:35,187 - __main__ - WARNING - API rate limit exceeded (status code: 429). This is temporary and will reset automatically.
2026-07-31 12:52:35,189 - __main__ - WARNING - Error message: Too many requests from your IP address. We limit our service to 50 unique lookups per hour. Please wait 1 hour before making another request for your access to reset.
2026-07-31 12:52:35,189 - __main__ - INFO - Next run will occur in 1 hour due to updated schedule.
2026-07-31 15:13:57,956 - __main__ - INFO - Token value: 1234
2026-07-31 15:13:58,018 - __main__ - WARNING - API rate limit exceeded (status code: 429). This is temporary and will reset automatically.
2026-07-31 15:13:58,019 - __main__ - WARNING - Error message: Too many requests from your IP address. We limit our service to 50 unique lookups per hour. Please wait 1 hour before making another request for your access to reset.
2026-07-31 15:13:58,019 - __main__ - INFO - Next run will occur in 1 hour due to updated schedule.
2026-07-31 17:23:06,048 - __main__ - INFO - Token value: 1234
2026-07-31 17:23:06,484 - __main__ - WARNING - API rate limit exceeded (status code: 429). This is temporary and will reset automatically.
2026-07-31 17:23:06,485 - __main__ - WARNING - Error message: Too many requests from your IP address. We limit our service to 50 unique lookups per hour. Please wait 1 hour before making another request for your access to reset.
2026-07-31 17:23:06,485 - __main__ - INFO - Next run will occur in 1 hour due to updated schedule.
2026-07-31 19:15:27,668 - __main__ - INFO - Token value: 1234
2026-07-31 19:15:28,050 - __main__ - WARNING - API rate limit exceeded (status code: 429). This is temporary and will reset automatically.
2026-07-31 19:15:28,052 - __main__ - WARNING - Error message: Too many requests from your IP address. We limit our service to 50 unique lookups per hour. Please wait 1 hour before making another request for your access to reset.
2026-07-31 19:15:28,052 - __main__ - INFO - Next run will occur in 1 hour due to updated schedule.
2026-07-31 20:57:44,478 - __main__ - INFO - Token value: 1234
2026-07-31 20:57:44,794 - __main__ - WARNING - API rate limit exceeded (status code: 429). This is temporary and will reset automatically.
2026-07-31 20:57:44,796 - __main__ - WARNING - Error message: Too many requests from your IP address. We limit our service to 50 unique lookups per hour. Please wait 1 hour before making another request for your access to reset.
2026-07-31 20:57:44,796 - __main__ - INFO - Next run will occur in 1 hour due to updated schedule.
2026-07-31 22:05:54,828 - __main__ - INFO - Token value: 1234
2026-07-31 22:05:54,907 - __main__ - WARNING - API rate limit exceeded (status code: 429). This is temporary and will reset automatically.
2026-07-31 22:05:54,909 - __main__ - WARNING - Error message: Too many requests from your IP address. We limit our service to 50 unique lookups per hour. Please wait 1 hour before making another request for your access to reset.
2026-07-31 22:05:54,909 - __main__ - INFO - Next run will occur in 1 hour due to updated schedule.
2026-07-31 23:56:26,475 - __main__ - INFO - Token value: 1234
2026-07-31 23:56:27,288 - __main__ - WARNING - API rate limit exceeded (status code: 429). This is temporary and will reset automatically.
2026-07-31 23:56:27,290 - __main__ - WARNING - Error message: Too many requests from your IP address. We limit our service to 50 unique lookups per hour. Please wait 1 hour before making another request for your access to reset.
2026-07-31 23:56:27,290 - __main__ - INFO - Next run will occur in 1 hour due to updated schedule.
2026-08-01 02:32:48,678 - __main__ - INFO - Token value: 1234
2026-08-01 02:32:49,341 - __main__ - WARNING - API rate limit exceeded (status code: 429). This is temporary and will reset automatically.
2026-08-01 02:32:49,343 - __main__ - WARNING - Error message: Too many requests from your IP address. We limit our service to 50 unique lookups per hour. Please wait 1 hour before making another request for your access to reset.
2026-08-01 02:32:49,343 - __main__ - INFO - Next run will occur in 1 hour due to updated schedule.
2026-08-01 05:49:25,396 - __main__ - INFO - Token value: 1234
2026-08-01 05:49:25,675 - __main__ - WARNING - API rate limit exceeded (status code: 429). This is temporary and will reset automatically.
2026-08-01 05:49:25,676 - __main__ - WARNING - Error message: Too many requests from your IP address. We limit our service to 50 unique lookups per hour. Please wait 1 hour before making another request for your access to reset.
2026-08-01 05:49:25,676 - __main__ - INFO - Next run will occur in 1 hour due to updated schedule.
2026-08-01 08:10:17,234 - __main__ - INFO - Token value: 1234
2026-08-01 08:10:17,822 - __main__ - WARNING - API rate limit exceeded (status code: 429). This is temporary and will reset automatically.
2026-08-01 08:10:17,824 - __main__ - WARNING - Error message: Too many requests from your IP address. We limit our service to 50 unique lookups per hour. Please wait 1 hour before making another request for your access to reset.
2026-08-01 08:10:17,824 - __main__ - INFO - Next run will occur in 1 hour due to updated schedule.
2026-08-01 10:35:33,881 - __main__ - INFO - Token value: 1234
2026-08-01 10:35:34,175 - __main__ - WARNING - API rate limit exceeded (status code: 429). This is temporary and will reset automatically.
2026-08-01 10:35:34,176 - __main__ - WARNING - Error message: Too many requests from your IP address. We limit our service to 50 unique lookups per hour. Please wait 1 hour before making another request for your access to reset.
2026-08-01 10:35:34,176 - __main__ - INFO - Next run will occur in 1 hour due to updated schedule.
2026-08-01 11:58:33,183 - __main__ - INFO - Token value: 1234
2026-08-01 11:58:33,731 - __main__ - WARNING - API rate limit exceeded (status code: 429). This is temporary and will reset automatically.
2026-08-01 11:58:33,733 - __main__ - WARNING - Error message: Too many requests from your IP address. We limit our service to 50 unique lookups per hour. Please wait 1 hour before making another request for your access to reset.
2026-08-01 11:58:33,733 - __main__ - INFO - Next run will occur in 1 hour due to updated schedule.
2026-08-01 13:26:27,256 - __main__ - INFO - Token value: 1234
2026-08-01 13:26:28,006 - __main__ - WARNING - API rate limit exceeded (status code: 429). This is temporary and will reset automatically.
2026-08-01 13:26:28,007 - __main__ - WARNING - Error message: Too many requests from your IP address. We limit our service to 50 unique lookups per hour. Please wait 1 hour before making another request for your access to reset.
2026-08-01 13:26:28,008 - __main__ - INFO - Next run will occur in 1 hour due to updated schedule.
2026-08-01 14:54:46,173 - __main__ - INFO - Token value: 1234
2026-08-01 14:54:46,606 - __main__ - WARNING - API rate limit exceeded (status code: 429). This is temporary and will reset automatically.
2026-08-01 14:54:46,608 - __main__ - WARNING - Error message: Too many requests from your IP address. We limit our service to 50 unique lookups per hour. Please wait 1 hour before making another request for your access to reset.
2026-08-01 14:54:46,608 - __main__ - INFO - Next run will occur in 1 hour due to updated schedule.
2026-08-01 15:56:31,351 - __main__ - INFO - Token value: 1234
2026-08-01 15:56:31,423 - __main__ - WARNING - API rate limit exceeded (status code: 429). This is temporary and will reset automatically.
2026-08-01 15:56:31,425 - __main__ - WARNING - Error message: Too many requests from your IP address. We limit our service to 50 unique lookups per hour. Please wait 1 hour before making another request for your access to reset.
2026-08-01 15:56:31,425 - __main__ - INFO - Next run will occur in 1 hour due to updated schedule.
2026-08-01 16:56:09,813 - __main__ - INFO - Token value: 1234
2026-08-01 16:56:10,338 - __main__ - WARNING - API rate limit exceeded (status code: 429). This is temporary and will reset automatically.
2026-08-01 16:56:10,339 - __main__ - WARNING - Error message: Too many requests from your IP address. We limit our service to 50 unique lookups per hour. Please wait 1 hour before making another request for your access to reset.
2026-08-01 16:56:10,339 - __main__ - INFO - Next run will occur in 1 hour due to updated schedule.
2026-08-01 17:56:52,420 - __main__ - INFO - Token value: 1234
2026-08-01 17:56:53,172 - __main__ - WARNING - API rate limit exceeded (status code: 429). This is temporary and will reset automatically.
2026-08-01 17:56:53,174 - __main__ - WARNING - Error message: Too many requests from your IP address. We limit our service to 50 unique lookups per hour. Please wait 1 hour before making another request for your access to reset.
2026-08-01 17:56:53,174 - __main__ - INFO - Next run will occur in 1 hour due to updated schedule.
2026-08-01 19:05:09,219 - __main__ - INFO - Token value: 1234
2026-08-01 19:05:09,761 - __main__ - WARNING - API rate limit exceeded (status code: 429). This is temporary and will reset automatically.
2026-08-01 19:05:09,763 - __main__ - WARNING - Error message: Too many requests from your IP address. We limit our service to 50 unique lookups per hour. Please wait 1 hour before making another request for your access to reset.
2026-08-01 19:05:09,763 - __main__ - INFO - Next run will occur in 1 hour due to updated schedule.
2026-08-01 20:42:55,344 - __main__ - INFO - Token value: 1234
2026-08-01 20:42:55,886 - __main__ - WARNING - API rate limit exceeded (status code: 429). This is temporary and will reset automatically.
2026-08-01 20:42:55,888 - __main__ - WARNING - Error message: Too many requests from your IP address. We limit our service to 50 unique lookups per hour. Please wait 1 hour before making another request for your access to reset.
2026-08-01 20:42:55,888 - __main__ - INFO - Next run will occur in 1 hour due to updated schedule.
2026-08-01 21:48:28,832 - __main__ - INFO - Token value: 1234
2026-08-01 21:48:29,379 - __main__ - WARNING - API rate limit exceeded (status code: 429). This is temporary and will reset automatically.
2026-08-01 21:48:29,381 - __main__ - WARNING - Error message: Too many requests from your IP address. We limit our service to 50 unique lookups per hour. Please wait 1 hour before making another request for your access to reset.
2026-08-01 21:48:29,381 - __main__ - INFO - Next run will occur in 1 hour due to updated schedule.
2026-08-01 22:47:59,349 - __main__ - INFO - Token value: 1234
2026-08-01 22:47:59,698 - __main__ - WARNING - API rate limit exceeded (status code: 429). This is temporary and will reset automatically.
2026-08-01 22:47:59,700 - __main__ - WARNING - Error message: Too many requests from your IP address. We limit our service to 50 unique lookups per hour. Please wait 1 hour before making another request for your access to reset.
2026-08-01 22:47:59,700 - __main__ - INFO - Next run will occur in 1 hour due to updated schedule.
2026-08-01 23:51:37,041 - __main__ - INFO - Token value: 1234
2026-08-01 23:51:37,427 - __main__ - WARNING - API rate limit exceeded (status code: 429). This is temporary and will reset automatically.
2026-08-01 23:51:37,429 - __main__ - WARNING - Error message: Too many requests from your IP address. We limit our service to 50 unique lookups per hour. Please wait 1 hour before making another request for your access to reset.
2026-08-01 23:51:37,429 - __main__ - INFO - Next run will occur in 1 hour due to updated schedule.
2026-08-02 02:10:10,127 - __main__ - INFO - Token value: 1234
2026-08-02 02:10:10,322 - __main__ - WARNING - API rate limit exceeded (status code: 429). This is temporary and will reset automatically.
2026-08-02 02:10:10,323 - __main__ - WARNING - Error message: Too many requests from your IP address. We limit our service to 50 unique lookups per hour. Please wait 1 hour before making another request for your access to reset.
2026-08-02 02:10:10,323 - __main__ - INFO - Next run will occur in 1 hour due to updated schedule.
2026-08-02 05:50:13,100 - __main__ - INFO - Token value: 1234
2026-08-02 05:50:13,169 - __main__ - WARNING - API rate limit exceeded (status code: 429). This is temporary and will reset automatically.
2026-08-02 05:50:13,170 - __main__ - WARNING - Error message: Too many requests from your IP address. We limit our service to 50 unique lookups per hour. Please wait 1 hour before making another request for your access to reset.
2026-08-02 05:50:13,171 - __main__ - INFO - Next run will occur in 1 hour due to updated schedule.
2026-08-02 08:11:49,827 - __main__ - INFO - Token value: 1234
2026-08-02 08:11:50,290 - __main__ - WARNING - API rate limit exceeded (status code: 429). This is temporary and will reset automatically.
2026-08-02 08:11:50,292 - __main__ - WARNING - Error message: Too many requests from your IP address. We limit our service to 50 unique lookups per hour. Please wait 1 hour before making another request for your access to reset.
2026-08-02 08:11:50,292 - __main__ - INFO - Next run will occur in 1 hour due to updated schedule.
2026-08-02 10:28:46,929 - __main__ - INFO - Token value: 1234
2026-08-02 10:28:47,473 - __main__ - WARNING - API rate limit exceeded (status code: 429). This is temporary and will reset automatically.
2026-08-02 10:28:47,475 - __main__ - WARNING - Error message: Too many requests from your IP address. We limit our service to 50 unique lookups per hour. Please wait 1 hour before making another request for your access to reset.
2026-08-02 10:28:47,475 - __main__ - INFO - Next run will occur in 1 hour due to updated schedule.
2026-08-02 11:57:27,610 - __main__ - INFO - Token value: 1234
2026-08-02 11:57:30,614 - __main__ - WARNING - API rate limit exceeded (status code: 429). This is temporary and will reset automatically.
2026-08-02 11:57:30,616 - __main__ - WARNING - Error message: Too many requests from your IP address. We limit our service to 50 unique lookups per hour. Please wait 1 hour before making another request for your access to reset.
2026-08-02 11:57:30,616 - __main__ - INFO - Next run will occur in 1 hour due to updated schedule.
2026-08-02 13:19:41,606 - __main__ - INFO - Token value: 1234
2026-08-02 13:19:41,812 - __main__ - WARNING - API rate limit exceeded (status code: 429). This is temporary and will reset automatically.
2026-08-02 13:19:41,814 - __main__ - WARNING - Error message: Too many requests from your IP address. We limit our service to 50 unique lookups per hour. Please wait 1 hour before making another request for your access to reset.
2026-08-02 13:19:41,814 - __main__ - INFO - Next run will occur in 1 hour due to updated schedule.
2026-08-02 14:56:46,869 - __main__ - INFO - Token value: 1234
2026-08-02 14:56:47,303 - __main__ - WARNING - API rate limit exceeded (status code: 429). This is temporary and will reset automatically.
2026-08-02 14:56:47,305 - __main__ - WARNING - Error message: Too many requests from your IP address. We limit our service to 50 unique lookups per hour. Please wait 1 hour before making another request for your access to reset.
2026-08-02 14:56:47,305 - __main__ - INFO - Next run will occur in 1 hour due to updated schedule.
2026-08-02 15:58:31,172 - __main__ - INFO - Token value: 1234
2026-08-02 15:58:31,893 - __main__ - WARNING - API rate limit exceeded (status code: 429). This is temporary and will reset automatically.
2026-08-02 15:58:31,894 - __main__ - WARNING - Error message: Too many requests from your IP address. We limit our service to 50 unique lookups per hour. Please wait 1 hour before making another request for your access to reset.
2026-08-02 15:58:31,894 - __main__ - INFO - Next run will occur in 1 hour due to updated schedule.
2026-08-02 17:02:11,072 - __main__ - INFO - Token value: 1234
2026-08-02 17:02:11,289 - __main__ - WARNING - API rate limit exceeded (status code: 429). This is temporary and will reset automatically.
2026-08-02 17:02:11,291 - __main__ - WARNING - Error message: Too many requests from your IP address. We limit our service to 50 unique lookups per hour. Please wait 1 hour before making another request for your access to reset.
2026-08-02 17:02:11,291 - __main__ - INFO - Next run will occur in 1 hour due to updated schedule.
2026-08-02 19:00:41,281 - __main__ - INFO - Token value: 1234
2026-08-02 19:00:41,528 - __main__ - WARNING - API rate limit exceeded (status code: 429). This is temporary and will reset automatically.
2026-08-02 19:00:41,530 - __main__ - WARNING - Error message: Too many requests from your IP address. We limit our service to 50 unique lookups per hour. Please wait 1 hour before making another request for your access to reset.
2026-08-02 19:00:41,530 - __main__ - INFO - Next run will occur in 1 hour due to updated schedule.
2026-08-02 20:46:16,893 - __main__ - INFO - Token value: 1234
2026-08-02 20:46:17,225 - __main__ - WARNING - API rate limit exceeded (status code: 429). This is temporary and will reset automatically.
2026-08-02 20:46:17,227 - __main__ - WARNING - Error message: Too many requests from your IP address. We limit our service to 50 unique lookups per hour. Please wait 1 hour before making another request for your access to reset.
2026-08-02 20:46:17,227 - __main__ - INFO - Next run will occur in 1 hour due to updated schedule.
2026-08-02 21:49:34,896 - __main__ - INFO - Token value: 1234
2026-08-02 21:49:35,245 - __main__ - WARNING - API rate limit exceeded (status code: 429). This is temporary and will reset automatically.
2026-08-02 21:49:35,247 - __main__ - WARNING - Error message: Too many requests from your IP address. We limit our service to 50 unique lookups per hour. Please wait 1 hour before making another request for your access to reset.
2026-08-02 21:49:35,247 - __main__ - INFO - Next run will occur in 1 hour due to updated schedule.
2026-08-02 22:50:16,320 - __main__ - INFO - Token value: 1234
2026-08-02 22:50:16,508 - __main__ - WARNING - API rate limit exceeded (status code: 429). This is temporary and will reset automatically.
2026-08-02 22:50:16,510 - __main__ - WARNING - Error message: Too many requests from your IP address. We limit our service to 50 unique lookups per hour. Please wait 1 hour before making another request for your access to reset.
2026-08-02 22:50:16,510 - __main__ - INFO - Next run will occur in 1 hour due to updated schedule.
2026-08-02 23:52:53,932 - __main__ - INFO - Token value: 1234
2026-08-02 23:52:54,239 - __main__ - WARNING - API rate limit exceeded (status code: 429). This is temporary and will reset automatically.
2026-08-02 23:52:54,241 - __main__ - WARNING - Error message: Too many requests from your IP address. We limit our service to 50 unique lookups per hour. Please wait 1 hour before making another request for your access to reset.
2026-08-02 23:52:54,241 - __main__ - INFO - Next run will occur in 1 hour due to updated schedule.
2026-08-03 02:12:03,088 - __main__ - INFO - Token value: 1234
2026-08-03 02:12:03,396 - __main__ - WARNING - API rate limit exceeded (status code: 429). This is temporary and will reset automatically.
2026-08-03 02:12:03,398 - __main__ - WARNING - Error message: Too many requests from your IP address. We limit our service to 50 unique lookups per hour. Please wait 1 hour before making another request for your access to reset.
2026-08-03 02:12:03,398 - __main__ - INFO - Next run will occur in 1 hour due to updated schedule.
2026-08-03 06:14:40,883 - __main__ - INFO - Token value: 1234
2026-08-03 06:14:41,186 - __main__ - WARNING - API rate limit exceeded (status code: 429). This is temporary and will reset automatically.
2026-08-03 06:14:41,188 - __main__ - WARNING - Error message: Too many requests from your IP address. We limit our service to 50 unique lookups per hour. Please wait 1 hour before making another request for your access to reset.
2026-08-03 06:14:41,188 - __main__ - INFO - Next run will occur in 1 hour due to updated schedule.
2026-08-03 10:36:18,071 - __main__ - INFO - Token value: 1234
2026-08-03 10:36:18,523 - __main__ - WARNING - API rate limit exceeded (status code: 429). This is temporary and will reset automatically.
2026-08-03 10:36:18,525 - __main__ - WARNING - Error message: Too many requests from your IP address. We limit our service to 50 unique lookups per hour. Please wait 1 hour before making another request for your access to reset.
2026-08-03 10:36:18,525 - __main__ - INFO - Next run will occur in 1 hour due to updated schedule.
2026-08-03 13:35:09,243 - __main__ - INFO - Token value: 1234
2026-08-03 13:35:09,358 - __main__ - WARNING - API rate limit exceeded (status code: 429). This is temporary and will reset automatically.
2026-08-03 13:35:09,360 - __main__ - WARNING - Error message: Too many requests from your IP address. We limit our service to 50 unique lookups per hour. Please wait 1 hour before making another request for your access to reset.
2026-08-03 13:35:09,360 - __main__ - INFO - Next run will occur in 1 hour due to updated schedule.
2026-08-03 16:17:21,748 - __main__ - INFO - Token value: 1234
2026-08-03 16:17:22,210 - __main__ - WARNING - API rate limit exceeded (status code: 429). This is temporary and will reset automatically.
2026-08-03 16:17:22,212 - __main__ - WARNING - Error message: Too many requests from your IP address. We limit our service to 50 unique lookups per hour. Please wait 1 hour before making another request for your access to reset.
2026-08-03 16:17:22,212 - __main__ - INFO - Next run will occur in 1 hour due to updated schedule.
2026-08-03 18:45:47,730 - __main__ - INFO - Token value: 1234
2026-08-03 18:45:48,020 - __main__ - WARNING - API rate limit exceeded (status code: 429). This is temporary and will reset automatically.
2026-08-03 18:45:48,022 - __main__ - WARNING - Error message: Too many requests from your IP address. We limit our service to 50 unique lookups per hour. Please wait 1 hour before making another request for your access to reset.
2026-08-03 18:45:48,022 - __main__ - INFO - Next run will occur in 1 hour due to updated schedule.
2026-08-03 20:22:08,079 - __main__ - INFO - Token value: 1234
2026-08-03 20:22:08,639 - __main__ - WARNING - API rate limit exceeded (status code: 429). This is temporary and will reset automatically.
2026-08-03 20:22:08,641 - __main__ - WARNING - Error message: Too many requests from your IP address. We limit our service to 50 unique lookups per hour. Please wait 1 hour before making another request for your access to reset.
2026-08-03 20:22:08,641 - __main__ - INFO - Next run will occur in 1 hour due to updated schedule.
2026-08-03 22:02:14,402 - __main__ - INFO - Token value: 1234
2026-08-03 22:02:14,916 - __main__ - WARNING - API rate limit exceeded (status code: 429). This is temporary and will reset automatically.
2026-08-03 22:02:14,918 - __main__ - WARNING - Error message: Too many requests from your IP address. We limit our service to 50 unique lookups per hour. Please wait 1 hour before making another request for your access to reset.
2026-08-03 22:02:14,918 - __main__ - INFO - Next run will occur in 1 hour due to updated schedule.
2026-08-04 00:02:55,105 - __main__ - INFO - Token value: 1234
2026-08-04 00:02:55,953 - __main__ - WARNING - API rate limit exceeded (status code: 429). This is temporary and will reset automatically.
2026-08-04 00:02:55,955 - __main__ - WARNING - Error message: Too many requests from your IP address. We limit our service to 50 unique lookups per hour. Please wait 1 hour before making another request for your access to reset.
2026-08-04 00:02:55,955 - __main__ - INFO - Next run will occur in 1 hour due to updated schedule.
2026-08-04 04:07:26,275 - __main__ - INFO - Token value: 1234
2026-08-04 04:07:26,730 - __main__ - WARNING - API rate limit exceeded (status code: 429). This is temporary and will reset automatically.
2026-08-04 04:07:26,732 - __main__ - WARNING - Error message: Too many requests from your IP address. We limit our service to 50 unique lookups per hour. Please wait 1 hour before making another request for your access to reset.
2026-08-04 04:07:26,732 - __main__ - INFO - Next run will occur in 1 hour due to updated schedule.
2026-08-04 07:32:25,990 - __main__ - INFO - Token value: 1234
2026-08-04 07:32:26,059 - __main__ - WARNING - API rate limit exceeded (status code: 429). This is temporary and will reset automatically.
2026-08-04 07:32:26,061 - __main__ - WARNING - Error message: Too many requests from your IP address. We limit our service to 50 unique lookups per hour. Please wait 1 hour before making another request for your access to reset.
2026-08-04 07:32:26,061 - __main__ - INFO - Next run will occur in 1 hour due to updated schedule.
2026-08-04 10:31:07,998 - __main__ - INFO - Token value: 1234
2026-08-04 10:31:08,440 - __main__ - WARNING - API rate limit exceeded (status code: 429). This is temporary and will reset automatically.
2026-08-04 10:31:08,441 - __main__ - WARNING - Error message: Too many requests from your IP address. We limit our service to 50 unique lookups per hour. Please wait 1 hour before making another request for your access to reset.
2026-08-04 10:31:08,441 - __main__ - INFO - Next run will occur in 1 hour due to updated schedule.
2026-08-04 12:55:17,844 - __main__ - INFO - Token value: 1234
2026-08-04 12:55:18,721 - __main__ - WARNING - API rate limit exceeded (status code: 429). This is temporary and will reset automatically.
2026-08-04 12:55:18,723 - __main__ - WARNING - Error message: Too many requests from your IP address. We limit our service to 50 unique lookups per hour. Please wait 1 hour before making another request for your access to reset.
2026-08-04 12:55:18,723 - __main__ - INFO - Next run will occur in 1 hour due to updated schedule.
2026-08-04 15:20:48,680 - __main__ - INFO - Token value: 1234
2026-08-04 15:20:48,759 - __main__ - WARNING - API rate limit exceeded (status code: 429). This is temporary and will reset automatically.
2026-08-04 15:20:48,761 - __main__ - WARNING - Error message: Too many requests from your IP address. We limit our service to 50 unique lookups per hour. Please wait 1 hour before making another request for your access to reset.
2026-08-04 15:20:48,761 - __main__ - INFO - Next run will occur in 1 hour due to updated schedule.
2026-08-04 17:39:05,052 - __main__ - INFO - Token value: 1234
2026-08-04 17:39:05,715 - __main__ - WARNING - API rate limit exceeded (status code: 429). This is temporary and will reset automatically.
2026-08-04 17:39:05,717 - __main__ - WARNING - Error message: Too many requests from your IP address. We limit our service to 50 unique lookups per hour. Please wait 1 hour before making another request for your access to reset.
2026-08-04 17:39:05,717 - __main__ - INFO - Next run will occur in 1 hour due to updated schedule.
2026-08-04 19:22:42,718 - __main__ - INFO - Token value: 1234
2026-08-04 19:22:42,940 - __main__ - WARNING - API rate limit exceeded (status code: 429). This is temporary and will reset automatically.
2026-08-04 19:22:42,942 - __main__ - WARNING - Error message: Too many requests from your IP address. We limit our service to 50 unique lookups per hour. Please wait 1 hour before making another request for your access to reset.
2026-08-04 19:22:42,942 - __main__ - INFO - Next run will occur in 1 hour due to updated schedule.
2026-08-04 21:04:59,812 - __main__ - INFO - Token value: 1234
2026-08-04 21:05:00,568 - __main__ - WARNING - API rate limit exceeded (status code: 429). This is temporary and will reset automatically.
2026-08-04 21:05:00,570 - __main__ - WARNING - Error message: Too many requests from your IP address. We limit our service to 50 unique lookups per hour. Please wait 1 hour before making another request for your access to reset.
2026-08-04 21:05:00,570 - __main__ - INFO - Next run will occur in 1 hour due to updated schedule.
2026-08-04 22:56:40,645 - __main__ - INFO - Token value: 1234
2026-08-04 22:56:40,751 - __main__ - WARNING - API rate limit exceeded (status code: 429). This is temporary and will reset automatically.
2026-08-04 22:56:40,752 - __main__ - WARNING - Error message: Too many requests from your IP address. We limit our service to 50 unique lookups per hour. Please wait 1 hour before making another request for your access to reset.
2026-08-04 22:56:40,752 - __main__ - INFO - Next run will occur in 1 hour due to updated schedule.
2026-08-04 23:59:31,254 - __main__ - INFO - Token value: 1234
2026-08-04 23:59:31,916 - __main__ - WARNING - API rate limit exceeded (status code: 429). This is temporary and will reset automatically.
2026-08-04 23:59:31,917 - __main__ - WARNING - Error message: Too many requests from your IP address. We limit our service to 50 unique lookups per hour. Please wait 1 hour before making another request for your access to reset.
2026-08-04 23:59:31,917 - __main__ - INFO - Next run will occur in 1 hour due to updated schedule.
2026-08-05 02:55:38,563 - __main__ - INFO - Token value: 1234
2026-08-05 02:55:38,882 - __main__ - WARNING - API rate limit exceeded (status code: 429). This is temporary and will reset automatically.
2026-08-05 02:55:38,884 - __main__ - WARNING - Error message: Too many requests from your IP address. We limit our service to 50 unique lookups per hour. Please wait 1 hour before making another request for your access to reset.
2026-08-05 02:55:38,884 - __main__ - INFO - Next run will occur in 1 hour due to updated schedule.
2026-08-05 05:41:16,288 - __main__ - INFO - Token value: 1234
2026-08-05 05:41:16,639 - __main__ - WARNING - API rate limit exceeded (status code: 429). This is temporary and will reset automatically.
2026-08-05 05:41:16,641 - __main__ - WARNING - Error message: Too many requests from your IP address. We limit our service to 50 unique lookups per hour. Please wait 1 hour before making another request for your access to reset.
2026-08-05 05:41:16,641 - __main__ - INFO - Next run will occur in 1 hour due to updated schedule.
2026-08-05 08:26:12,199 - __main__ - INFO - Token value: 1234
2026-08-05 08:26:12,989 - __main__ - WARNING - API rate limit exceeded (status code: 429). This is temporary and will reset automatically.
2026-08-05 08:26:12,990 - __main__ - WARNING - Error message: Too many requests from your IP address. We limit our service to 50 unique lookups per hour. Please wait 1 hour before making another request for your access to reset.
2026-08-05 08:26:12,990 - __main__ - INFO - Next run will occur in 1 hour due to updated schedule.
